300,12,24,70,26,88,6.080350,3.309437,
0.108996,-0.107928,
-0.060845,-0.102384,
0.270373,-0.067197,
0.080190,0.148962,
0.122236,-0.363225,
-0.036532,0.146881,
0.193987,0.180410,
-0.090487,-0.352296,
0.336763,-0.325858,
0.421160,0.016950,
-0.226211,-0.062526,
-0.152910,0.173694,
0.296667,0.241803,
-0.300120,-0.293037,
0.528785,-0.212210,
0.121253,-0.627220,
0.043987,0.402798,
-0.261448,0.222044,
0.386010,0.328251,
-0.016041,0.399550,
0.101355,0.420966,
-0.382276,0.012823,
0.550906,0.141882,
-0.140001,-0.587253,
0.382327,-0.578601,
-0.075073,0.409697,
0.153694,0.453112,
-0.128972,0.434032,
0.196358,0.498479,
-0.353860,0.291205,
0.451590,0.436031,
-0.495983,-0.202799,
0.701876,-0.058928,
-0.386375,-0.521678,
0.637499,-0.448566,
-0.174903,0.469616,
0.228018,0.554149,
-0.521398,0.114552,
0.662783,0.293805,
-0.211703,0.516825,
0.242437,0.616653,
0.057046,-0.874261,
0.001869,0.653213,
-0.424024,0.376831,
0.494375,0.559973,
-0.215235,-0.820531,
0.387490,-0.866156,
-0.235810,0.573496,
0.240310,0.682983,
-0.611544,-0.416255,
0.839633,-0.261371,
-0.667281,-0.075939,
0.845754,0.127443,
-0.247421,0.635042,
0.217110,0.746566,
-0.619379,0.237922,
0.735586,0.464753,
-0.481963,-0.737561,
0.734402,-0.655903,
-0.469640,0.480767,
0.497640,0.689535,
-0.244925,0.698718,
0.177079,0.805169,
0.118214,0.849657,
-0.227062,0.759136,
-0.813681,-0.276518,
1.014539,-0.057328,
0.051252,0.882738,
-0.194570,0.813988,
-0.492648,0.599087,
0.460470,0.823671,
-0.792062,0.083462,
0.971703,0.339805,
-0.020349,0.891686,
-0.147532,0.856107,
-0.736556,-0.631789,
0.985832,-0.456277,
-0.070859,-1.119937,
-0.088627,0.885074,
-0.685659,0.378692,
0.771173,0.657916,
-0.330572,-1.038867,
0.161755,-1.183128,
-0.493182,0.721519,
0.371895,0.944898,
-0.589517,-0.955345,
0.935600,-0.802184,
-0.726383,0.540867,
0.712780,0.860213,
0.248652,1.048544,
-0.468173,0.844806,
-0.950050,-0.075741,
1.163604,0.146159,
-0.957137,-0.460891,
1.171444,-0.250481,
-0.868634,0.272384,
1.045764,0.567045,
0.093382,1.111381,
-0.412598,0.954805,
-0.849866,-0.828048,
1.159210,-0.621636,
-0.062723,1.138909,
-0.326227,1.051701,
-0.218448,-1.343382,
-0.208492,1.113700,
-0.741154,0.720049,
0.584909,1.063246,
-0.448723,-1.260560,
-0.004560,-1.442304,
-0.944326,0.476073,
1.308569,0.702003,
-1.114957,-0.227998,
1.341843,-0.045722,
-1.037345,0.150213,
1.305330,0.357566,
-0.694092,-1.163739,
1.182239,-0.933669,
-1.113265,-0.626985,
1.344129,-0.428053,
0.370615,1.224000,
-0.720199,0.892293,
-0.995619,-1.030470,
1.361433,-0.769347,
0.120660,1.339074,
-0.657785,1.064008,
-0.982626,0.683913,
1.563046,0.849234,
-0.546216,1.209654,
-0.138819,1.362770,
1.509029,0.505531,
-1.132598,0.377817,
-1.711002,-1.424202,
-1.222984,0.020251,
1.504246,0.140104,
-0.381424,1.331446,
-1.293900,-0.350285,
1.510508,-0.240761,
-1.590845,-1.268594,
-1.269482,-0.732320,
1.533657,-0.593943,
-1.495354,-1.093537,
-2.048722,-1.625972,
-0.983673,0.909927,
1.790938,1.003546,
-1.417770,-0.942000,
-2.245827,-1.654719,
-1.224347,0.621712,
1.713338,0.658623,
-0.924248,1.122135,
2.018807,1.129173,
-1.347022,0.262895,
1.692905,0.302054,
-1.428114,-0.103595,
1.682870,-0.064210,
-1.487400,-0.458207,
1.695186,-0.424883,
-0.805037,1.332540,
2.227307,1.259694,
-1.507632,-0.756210,
-2.444452,-1.637687,
-1.895350,-1.241542,
2.418991,1.388195,
-1.813719,-1.135946,
-1.999163,-1.325130,
-1.249822,0.869218,
1.940036,0.788760,
-1.763234,-1.014883,
-2.121865,-1.378046,
-1.453780,0.500090,
1.891037,0.448739,
-1.619985,-0.230202,
1.853302,-0.262665,
-1.551437,0.124808,
1.865691,0.094744,
-1.745951,-0.884549,
-2.253649,-1.400338,
-1.661890,-0.546949,
-2.630315,-1.565650,
2.160025,0.922351,
-1.214787,1.136854,
-1.776988,-0.751978,
-2.386557,-1.386028,
2.381368,1.045590,
-1.092450,1.376960,
-2.081840,-1.059479,
-1.808942,-0.350893,
-2.794614,-1.452956,
2.592055,1.185159,
2.095214,0.582532,
-1.528549,0.764025,
-2.042583,-1.005076,
-2.134343,-1.101511,
2.026841,-0.120286,
-1.755191,-0.020950,
-1.844857,-0.624477,
-2.512228,-1.340359,
-1.680065,0.351588,
2.056725,0.235524,
-2.018471,-0.942173,
-2.195569,-1.129209,
-2.012271,-0.875080,
-2.262028,-1.139636,
-2.024509,-0.807799,
-2.329074,-1.133268,
-1.533550,1.040240,
-1.945265,-0.510140,
-2.620764,-1.262307,
2.313050,0.705217,
-1.932590,-0.189177,
-2.920379,-1.298821,
-2.055142,-0.744645,
-2.392125,-1.109310,
-1.884409,0.159271,
2.202157,0.014181,
2.250927,0.361811,
-1.770694,0.575978,
-1.378321,1.395396,
-2.099188,-0.689443,
-2.447383,-1.070354,
2.534595,0.830240,
-2.054719,-0.409532,
-2.707490,-1.160398,
2.753315,0.953583,
-2.272242,-0.878698,
-2.155184,-0.648210,
-2.490556,-1.018143,
-2.083957,-0.054063,
-3.007415,-1.118399,
-1.830799,0.809455,
-2.218782,-0.623472,
-2.519439,-0.956659,
2.453323,0.480985,
-1.997613,0.360949,
2.390068,0.128040,
-2.167660,-0.352446,
-2.763074,-1.038257,
-2.531164,-0.889579,
-2.285354,-0.616281,
-2.525666,-0.821607,
-2.351247,-0.627778,
2.665555,0.595069,
-1.997381,0.970952,
-3.040175,-0.922222,
-2.179292,0.171434,
-2.502349,-0.757479,
-2.412105,-0.657277,
-2.293863,-0.344348,
-2.787675,-0.905567,
-2.463910,-0.701182,
2.890119,0.701176,
-2.063056,0.588006,
2.576343,0.246616,
-2.774281,-0.769562,
-2.425046,-0.376408,
-2.278519,0.394510,
-3.024593,-0.719381,
-2.190612,0.758574,
2.774766,0.347608,
-2.547591,-0.435739,
-2.729324,-0.639532,
2.978870,0.429942,
-2.650099,-0.526998,
-2.380824,0.568803,
-2.953150,-0.527160,
-2.514882,0.697668,
3.040175,0.160273,
-2.839039,-0.356298,
-2.351427,0.914217,
2.861237,0.099742,
-2.680776,-0.223686,
-2.176785,1.131672,
-1.251628,1.654719,
-2.495972,-0.127100,
2.687986,0.002940,
-0.966664,1.608088,
2.508909,-0.098089,
-2.292365,-0.079139,
2.343845,-0.212034,
-0.616570,1.497257,
-0.225246,1.585505,
0.489678,1.407791,
0.770173,1.169122,
0.975740,0.868946,
2.176864,-0.327458,
2.028280,-0.459092,
1.877660,-0.596936,
1.736452,-0.754180,
1.560865,-0.912137,
1.412147,-1.072349,
-1.868445,-1.544448,
1.305828,-1.229033,
-0.192227,-1.654719,
-0.360235,-1.565254,
1.050806,-1.120989,
0.769085,-0.985946,
0.150101,1.544221,
-1.994424,1.327822,
-1.784795,1.159758,
-0.552566,-1.484019,
-0.740546,-1.407929,
0,42,42,63,67,
0,42,42,67,73,
0,42,42,73,78,
0,42,42,78,74,
0,42,42,74,68,
0,42,42,68,64,
0,42,42,64,61,
0,42,42,61,53,
0,42,42,53,47,
0,42,42,47,39,
0,42,42,39,35,
0,42,42,35,27,
0,42,42,27,25,
0,42,42,25,19,
0,42,42,19,16,
0,42,42,16,20,
0,42,42,20,26,
0,42,42,26,28,
0,42,42,28,36,
0,42,42,36,40,
0,42,42,40,48,
0,42,42,48,54,
0,42,42,54,62,
0,42,42,62,63,
1,67,67,63,89,89,97,
-1,73,67,67,97,101,101,
1,78,78,73,101,101,104,
-1,74,78,78,104,102,102,
1,68,68,74,102,102,98,
-1,64,68,68,98,90,90,
1,61,61,64,90,90,83,
-1,53,61,61,83,69,69,
1,47,47,53,69,69,59,
-1,39,47,47,59,43,43,
1,35,35,39,43,43,29,
-1,27,35,35,29,17,17,
1,25,25,27,17,17,11,
-1,19,25,25,11,5,5,
1,16,16,19,5,5,3,
-1,20,16,16,3,6,6,
1,26,26,20,6,6,12,
-1,28,26,26,12,18,18,
1,36,36,28,18,18,30,
-1,40,36,36,30,44,44,
1,48,48,40,44,44,60,
-1,54,48,48,60,70,70,
1,62,62,54,70,70,84,
-1,63,62,62,84,89,89,
-1,97,89,89,119,123,123,
1,101,101,97,123,123,128,
-1,104,101,101,128,134,134,
1,102,102,104,134,134,127,
-1,98,102,102,127,124,124,
1,90,90,98,124,124,120,
-1,83,90,90,120,105,105,
1,69,69,83,105,105,87,
-1,59,69,69,87,79,79,
1,43,43,59,79,79,55,
-1,29,43,43,55,37,37,
1,17,17,29,37,37,21,
-1,11,17,17,21,10,10,
1,5,5,11,10,10,1,
-1,3,5,5,1,0,0,
1,6,6,3,0,0,2,
-1,12,6,6,2,9,9,
1,18,18,12,9,9,22,
-1,30,18,18,22,38,38,
1,44,44,30,38,38,56,
-1,60,44,44,56,80,80,
1,70,70,60,80,80,88,
-1,84,70,70,88,106,106,
1,89,89,84,106,106,119,
1,123,123,119,280,280,295,
-1,128,123,123,295,279,279,
1,134,134,128,279,279,278,
-1,127,134,134,278,156,156,
1,124,124,127,156,156,148,
-1,120,124,124,148,142,142,
1,105,105,120,142,142,125,
-1,87,105,105,125,109,109,
1,79,79,87,109,109,95,
-1,55,79,79,95,71,71,
1,37,37,55,71,71,51,
-1,21,37,37,51,31,31,
1,10,10,21,31,31,13,
-1,1,10,10,13,7,7,
1,0,0,1,7,7,4,
-1,2,0,0,4,8,8,
1,9,9,2,8,8,14,
-1,22,9,9,14,32,32,
1,38,38,22,32,32,52,
-1,56,38,38,52,72,72,
1,80,80,56,72,72,96,
-1,88,80,80,96,282,282,
1,106,106,88,282,282,281,
-1,119,106,106,281,280,280,
-1,149,143,143,165,178,178,
1,157,157,149,178,178,182,
-1,161,157,157,182,187,187,
1,156,156,278,274,274,183,
-1,148,156,156,183,179,179,
1,142,142,148,179,179,164,
-1,125,142,142,164,146,146,
1,109,109,125,146,146,130,
-1,95,109,109,130,113,113,
1,71,71,95,113,113,91,
-1,51,71,71,91,65,65,
1,31,31,51,65,65,49,
-1,13,31,31,49,33,33,
1,7,7,13,33,33,23,
-1,4,7,7,23,15,15,
1,8,8,4,15,15,24,
-1,14,8,8,24,34,34,
1,32,32,14,34,34,50,
-1,52,32,32,50,66,66,
1,72,72,52,66,66,92,
-1,96,72,72,92,114,114,
1,110,110,96,114,114,129,
-1,126,110,110,129,147,147,
1,143,143,126,147,147,165,
1,178,178,165,188,188,207,
-1,182,178,178,207,219,219,
1,187,187,182,219,219,222,
-1,183,274,274,271,216,216,
1,179,179,183,216,216,204,
-1,164,179,179,204,189,189,
1,146,146,164,189,189,168,
-1,130,146,146,168,150,150,
1,113,113,130,150,150,132,
-1,91,113,113,132,111,111,
1,65,65,91,111,111,93,
-1,49,65,65,93,75,75,
1,33,33,49,75,75,57,
-1,23,33,33,57,45,45,
1,15,15,23,45,45,41,
-1,24,15,15,41,46,46,
1,34,34,24,46,46,58,
-1,50,34,34,58,76,76,
1,66,66,50,76,76,94,
-1,92,66,66,94,112,112,
1,114,114,92,112,112,133,
-1,129,114,114,133,151,151,
1,147,147,129,151,151,169,
-1,165,147,147,169,188,188,
-1,207,188,188,214,231,231,
1,219,219,207,231,231,240,
-1,222,219,219,240,249,249,
1,297,297,296,270,270,241,
-1,204,297,297,241,228,228,
1,189,189,204,228,228,215,
-1,168,189,189,215,196,196,
1,150,150,168,196,196,172,
-1,132,150,150,172,152,152,
1,111,111,132,152,152,135,
-1,93,111,111,135,117,117,
1,75,75,93,117,117,99,
-1,57,75,75,99,85,85,
1,45,45,57,85,85,81,
-1,41,45,45,81,77,77,
1,46,46,41,77,77,82,
-1,58,46,46,294,86,86,
1,76,76,58,86,86,100,
-1,94,76,76,100,118,118,
1,112,112,94,118,118,136,
-1,133,112,112,136,153,153,
1,151,151,133,153,153,173,
-1,169,151,151,173,197,197,
1,188,188,169,197,197,214,
1,231,231,214,233,233,251,
-1,240,231,231,251,257,257,
1,249,249,240,257,257,260,
-1,241,270,270,267,256,256,
1,228,228,241,256,256,250,
-1,215,228,228,250,232,232,
1,196,196,215,232,232,212,
-1,172,196,196,212,193,193,
1,152,152,172,193,193,170,
-1,135,152,152,170,154,154,
1,117,117,135,154,154,138,
-1,99,117,117,138,121,121,
1,85,85,99,121,121,115,
-1,81,85,85,115,107,107,
1,77,77,81,107,107,103,
-1,82,77,77,103,108,108,
1,86,86,294,293,293,116,
-1,100,86,86,116,122,122,
1,118,118,100,122,122,139,
-1,136,118,118,139,155,155,
1,153,153,136,155,155,171,
-1,173,153,153,171,192,192,
1,197,197,173,192,192,213,
-1,214,197,197,213,233,233,
-1,251,233,233,275,273,273,
1,257,257,251,273,273,268,
-1,260,257,257,268,265,265,
1,256,256,267,264,264,262,
-1,250,256,256,262,254,254,
1,232,232,250,254,254,243,
-1,212,232,232,243,226,226,
1,193,193,212,226,226,208,
-1,170,193,193,208,185,185,
1,154,154,170,185,185,176,
-1,138,154,154,176,158,158,
1,121,121,138,158,158,144,
-1,115,121,121,144,140,299,
1,107,107,115,299,299,298,
-1,103,107,107,298,292,292,
1,108,108,103,292,292,291,
-1,116,293,293,290,288,288,
1,122,122,116,288,288,287,
-1,139,122,122,287,286,286,
1,155,155,139,286,286,285,
-1,171,155,155,285,284,284,
1,192,192,171,284,284,283,
-1,213,192,192,283,277,277,
1,233,233,213,277,277,275,
1,255,255,242,247,247,252,
-1,263,255,255,252,259,259,
1,266,266,263,259,259,261,
-1,269,266,266,261,258,258,
1,272,272,269,258,258,253,
-1,276,272,272,253,246,246,
1,226,226,276,246,246,234,
-1,208,226,226,234,220,220,
1,185,185,208,220,220,205,
-1,176,185,185,205,194,194,
1,158,158,176,194,194,180,
-1,144,158,158,180,174,174,
1,140,140,144,174,174,166,
-1,137,140,140,166,162,162,
1,131,131,137,162,162,160,
-1,289,131,131,160,163,163,
1,141,141,289,163,163,167,
-1,145,141,141,167,175,175,
1,159,159,145,175,175,181,
-1,177,159,159,181,195,195,
1,186,186,177,195,195,206,
-1,209,186,186,206,221,221,
1,227,227,209,221,221,235,
-1,242,227,227,235,247,247,
-1,252,247,247,236,238,238,
1,259,259,252,238,238,244,
-1,261,259,259,244,248,248,
1,258,258,261,248,248,245,
-1,253,258,258,245,239,239,
1,246,246,253,239,239,237,
-1,234,246,246,237,229,229,
1,220,220,234,229,229,224,
-1,205,220,220,224,217,217,
1,194,194,205,217,217,210,
-1,180,194,194,210,202,202,
1,174,174,180,202,202,200,
-1,166,174,174,200,198,198,
1,162,162,166,198,198,190,
-1,160,162,162,190,184,184,
1,163,163,160,184,184,191,
-1,167,163,163,191,199,199,
1,175,175,167,199,199,201,
-1,181,175,175,201,203,203,
1,195,195,181,203,203,211,
-1,206,195,195,211,218,218,
1,221,221,206,218,218,225,
-1,235,221,221,225,230,230,
1,247,247,235,230,230,236,
0,238,236,223,223,
0,244,238,223,223,
0,248,244,223,223,
0,245,248,223,223,
0,239,245,223,223,
0,237,239,223,223,
0,229,237,223,223,
0,224,229,223,223,
0,217,224,223,223,
0,210,217,223,223,
0,202,210,223,223,
0,200,202,223,223,
0,198,200,223,223,
0,190,198,223,223,
0,184,190,223,223,
0,191,184,223,223,
0,199,191,223,223,
0,201,199,223,223,
0,203,201,223,223,
0,211,203,223,223,
0,218,211,223,223,
0,225,218,223,223,
0,230,225,223,223,
0,236,230,223,223,
46
294
293
290
288
287
286
285
284
283
277
275
273
268
265
260
249
222
187
161
157
149
143
126
110
96
282
281
280
295
279
278
274
271
216
204
297
296
270
267
264
262
254
243
226
276
272
269
266
263
255
242
227
209
186
177
159
145
141
289
131
137
140
121
299
298
292
291
108
82
0.952488,1.025828,
0.956547,1.028888,
0.960709,1.032064,
0.964976,1.035365,
0.969353,1.038798,
0.973844,1.042370,
0.978452,1.046090,
0.983182,1.049968,
0.988039,1.054013,
0.993027,1.058236,
0.998151,1.062650,
1.003415,1.067267,
1.008826,1.072102,
1.014388,1.077169,
1.020108,1.082486,
1.025990,1.088073,
1.032042,1.093948,
1.038268,1.100134,
1.044676,1.106658,
1.051272,1.113545,
1.058063,1.120828,
1.065056,1.128540,
1.072258,1.136719,
1.079675,1.145407,
1.087315,1.154653,
1.095184,1.164510,
1.103290,1.175039,
0.876632,1.735038,
0.882692,1.742728,
0.888951,1.750831,
0.895418,1.759381,
0.902101,1.768415,
0.298998,-2.371744,
0.316697,-2.402482,
0.334402,-2.434099,
0.352041,-2.466567,
0.369538,-2.499849,
0.386817,-2.533900,
0.403798,-2.568665,
0.447540,-2.567258,
0.441145,-2.613653,
0.433877,-2.660041,
0.425771,-2.706223,
0.416878,-2.752007,
0.407262,-2.797207,
0.396996,-2.841655,
0.383836,-2.885530,
0.353973,-2.930443,
0.323863,-2.973809,
0.293746,-3.015553,
0.263846,-3.055625,
0.234363,-3.094005,
0.205471,-3.130690,
0.177318,3.117487,
0.150018,3.084123,
0.123662,3.052359,
0.098313,3.022142,
0.074010,2.993414,
0.050775,2.966111,
0.028609,2.940168,
0.007503,2.915517,
-0.012563,2.892093,
-0.031620,2.869829,
-0.049702,2.848663,
-0.066849,2.828532,
-0.083103,2.809378,
-0.098508,2.791144,
-0.113106,2.773777,
-0.126943,2.757226,
-0.140059,2.741444,
-0.204044,3.022202,
-0.229368,3.016153,
-0.253203,3.010391,
-0.275651,3.004898,
-0.296806,2.999656,
-0.316758,2.994647,
-0.335591,2.989857,
-0.353383,2.985272,
-0.370206,2.980879,
-0.386128,2.976667,
-0.401211,2.972625,
-0.415513,2.968742,
-0.429086,2.965011,
-0.441980,2.961421,
-0.454240,2.957966,
-0.465909,2.954638,
-0.477023,2.951430,
-0.487620,2.948335,
0.927161,1.047558,
0.930912,1.050956,
0.934758,1.054482,
0.938703,1.058141,
0.942749,1.061943,
0.946902,1.065895,
0.951163,1.070007,
0.955539,1.074288,
0.960031,1.078748,
0.964646,1.083400,
0.969387,1.088254,
0.974259,1.093326,
0.979267,1.098629,
0.984416,1.104178,
0.989711,1.109992,
0.995157,1.116090,
1.000761,1.122492,
1.006527,1.129220,
1.012461,1.136301,
1.018570,1.143760,
1.024860,1.151630,
1.031336,1.159944,
1.038005,1.168738,
1.044874,1.178055,
1.051948,1.187940,
0.019859,-2.225791,
0.079747,-2.235630,
0.139975,-2.245621,
0.201802,-2.252963,
0.263756,-2.259245,
0.322388,-2.274762,
0.368659,-2.295051,
0.406711,-2.318575,
0.444368,-2.342759,
0.481465,-2.367601,
0.501430,-2.384924,
0.521329,-2.420552,
0.540830,-2.457308,
0.559827,-2.495141,
0.578219,-2.533986,
0.593217,-2.579606,
0.595965,-2.641181,
0.589413,-2.698704,
0.580301,-2.750070,
0.570011,-2.800714,
0.558634,-2.850398,
0.539007,-2.900056,
0.507309,-2.949745,
0.474770,-2.997445,
0.441699,-3.043070,
0.408397,-3.086574,
0.375150,-3.127949,
0.342215,3.115969,
0.309820,3.078765,
0.278156,3.043561,
0.247378,3.010280,
0.217606,2.978837,
0.188929,2.949141,
0.161405,2.921098,
0.135067,2.894614,
-0.026602,2.939356,
-0.061563,2.920428,
-0.094397,2.902567,
-0.125200,2.885696,
-0.158091,2.870199,
-0.191030,2.855807,
-0.221767,2.842195,
-0.107430,2.991670,
-0.139504,2.985703,
-0.169586,2.980058,
-0.197803,2.974708,
-0.224281,2.969632,
-0.249140,2.964810,
-0.272494,2.960222,
-0.294452,2.955854,
-0.315114,2.951688,
-0.334575,2.947712,
-0.352922,2.943913,
-0.370236,2.940280,
-0.386591,2.936802,
-0.402057,2.933469,
-0.416697,2.930273,
-0.430569,2.927206,
-0.443727,2.924259,
-0.456219,2.921426,
-0.468092,2.918701,
-0.479386,2.916077,
-0.490141,2.913550,
0.900870,1.068439,
0.904283,1.072144,
0.907784,1.075984,
0.911374,1.079967,
0.915056,1.084101,
0.918836,1.088393,
0.922714,1.092854,
0.926697,1.097494,
0.930786,1.102323,
0.934986,1.107352,
0.939301,1.112594,
0.943735,1.118063,
0.948293,1.123773,
0.952978,1.129741,
0.957797,1.135983,
0.962752,1.142518,
0.967850,1.149368,
0.973096,1.156554,
0.978493,1.164102,
0.984049,1.172037,
0.989767,1.180390,
0.995654,1.189194,
1.001715,1.198485,
1.007955,1.208301,
0.016041,-2.089913,
0.077896,-2.094473,
0.140122,-2.099274,
0.202347,-2.104160,
0.264004,-2.109329,
0.322942,-2.121173,
0.382449,-2.133626,
0.442081,-2.146730,
0.491308,-2.164587,
0.530396,-2.188483,
0.573677,-2.228277,
0.616467,-2.270622,
0.658373,-2.315602,
0.696317,-2.361973,
0.717356,-2.402744,
0.733889,-2.455893,
0.743892,-2.524013,
0.751514,-2.592925,
0.751177,-2.662869,
0.745200,-2.733174,
0.736765,-2.802735,
0.725048,-2.861490,
0.700138,-2.918352,
0.667807,-2.973903,
0.633926,-3.026818,
0.598853,-3.077007,
0.561668,-3.125610,
0.513632,3.115290,
0.457036,3.081101,
0.401066,3.049359,
0.346225,3.019868,
0.292935,2.992442,
0.241537,2.966910,
0.192283,2.943111,
0.145343,2.920900,
0.100816,2.900143,
0.058735,2.880717,
0.011824,2.863303,
-0.032523,2.847036,
-0.073994,2.831779,
-0.112705,2.817449,
-0.020716,2.946597,
-0.059336,2.941379,
-0.095487,2.936473,
-0.129309,2.931852,
-0.160948,2.927493,
-0.190550,2.923373,
-0.218256,2.919474,
-0.244204,2.915778,
-0.268523,2.912270,
-0.291335,2.908937,
-0.312753,2.905765,
-0.332882,2.902743,
-0.351820,2.899861,
-0.369657,2.897109,
-0.386476,2.894479,
-0.402351,2.891963,
-0.417353,2.889554,
-0.431546,2.887244,
-0.444987,2.885029,
-0.457730,2.882902,
-0.469824,2.880858,
-0.481314,2.878892,
-0.492242,2.877001,
0.873635,1.088503,
0.876682,1.092485,
0.879807,1.096608,
0.883011,1.100881,
0.886297,1.105312,
0.889669,1.109908,
0.893129,1.114680,
0.896681,1.119638,
0.900327,1.124791,
0.904072,1.130152,
0.907918,1.135733,
0.911870,1.141548,
0.915930,1.147612,
0.920103,1.153939,
0.924393,1.160547,
-0.052107,-2.307575,
-0.009257,-2.257668,
0.938004,1.182253,
0.942802,1.190188,
0.947738,1.198515,
0.952816,1.207262,
0.958041,1.216461,
0.963416,1.226145,
0.005503,-1.991576,
0.072021,-1.974699,
0.139059,-1.957519,
0.201888,-1.960584,
0.264042,-1.964252,
0.323179,-1.972370,
0.382756,-1.980884,
0.442931,-1.989582,
0.504300,-1.998051,
0.564851,-2.016902,
0.621214,-2.047221,
0.671516,-2.084934,
0.718043,-2.125304,
0.762747,-2.168873,
0.805881,-2.220919,
0.846990,-2.286155,
0.876133,-2.366356,
0.891688,-2.452526,
0.901600,-2.533468,
0.908238,-2.615898,
0.904390,-2.699208,
0.897000,-2.781581,
0.880594,-2.871997,
0.852552,-2.953960,
0.817052,-3.019362,
0.780091,-3.079509,
0.742260,-3.135452,
0.695729,3.094718,
0.646556,3.045240,
0.588262,3.009421,
0.528986,2.977632,
0.470237,2.948432,
0.412556,2.921561,
0.356408,2.896786,
0.299807,2.874163,
0.239040,2.853965,
0.181074,2.835279,
0.126136,2.817951,
0.074346,2.801848,
0.025732,2.786853,
0.087447,2.890544,
0.040730,2.886656,
-0.003024,2.883029,
-0.043933,2.879637,
-0.082142,2.876458,
-0.117806,2.873472,
-0.151090,2.870663,
-0.182155,2.868016,
-0.211163,2.865516,
-0.238265,2.863153,
-0.263607,2.860914,
-0.287326,2.858791,
-0.309548,2.856774,
0.499666,-2.578957,
0.462711,-2.516115,
0.423903,-2.455087,
0.383769,-2.396226,
-0.401986,2.848044,
-0.417379,2.846527,
-0.431918,2.845075,
-0.445667,2.843684,
-0.458683,2.842350,
-0.471020,2.841069,
-0.482725,2.839839,
-0.493844,2.838657,
-0.870204,-2.215266,
-0.852353,-2.203520,
-0.833277,-2.191532,
-0.812870,-2.179298,
-0.791019,-2.166815,
-0.767598,-2.154078,
0.862441,1.135532,
0.865526,1.140770,
0.868691,1.146208,
0.871941,1.151860,
0.875276,1.157736,
0.878701,1.163851,
0.882218,1.170218,
-0.239523,-2.317655,
-0.196872,-2.265992,
-0.153288,-2.214705,
-0.109269,-2.164058,
-0.065323,-2.114291,
-0.023304,-2.064888,
-0.000038,-2.019053,
0.914055,1.232390,
0.918545,1.241902,
0.923160,1.251893,
0.060306,-1.878911,
0.126850,-1.861073,
0.193145,-1.842987,
0.255479,-1.823690,
0.319510,-1.823180,
0.381724,-1.826952,
0.443965,-1.830920,
0.505513,-1.835085,
0.566969,-1.848563,
0.629203,-1.867413,
0.691584,-1.888169,
0.750024,-1.915214,
0.802480,-1.954558,
0.855462,-2.008647,
0.907007,-2.069902,
0.954441,-2.136666,
0.994321,-2.216847,
1.023526,-2.315828,
1.044115,-2.423038,
1.056964,-2.539346,
1.058955,-2.663042,
1.046768,-2.781889,
1.027961,-2.894911,
1.000100,-2.998251,
0.965598,-3.085139,
0.924322,3.129784,
0.875331,3.068541,
0.824759,3.014257,
0.773597,2.964884,
0.718710,2.922553,
0.657770,2.891830,
0.591634,2.864709,
0.521998,2.840614,
0.453187,2.818704,
0.385915,2.798714,
0.320795,2.780415,
0.258308,2.763613,
0.198804,2.748139,
0.142503,2.733850,
0.164934,2.817868,
0.112137,2.816392,
0.062607,2.815023,
0.016272,2.813750,
-0.026989,2.812563,
-0.067323,2.811454,
-0.104901,2.810416,
-0.139898,2.809441,
-0.172495,2.808525,
-0.202868,2.807662,
-0.231186,2.806848,
0.498138,-2.845094,
0.460883,-2.785879,
0.421999,-2.728226,
0.386468,-2.664470,
0.350090,-2.603136,
0.313138,-2.543503,
0.275167,-2.485293,
0.236529,-2.427355,
0.200522,-2.367518,
-0.431580,2.800673,
-0.445665,2.800201,
-0.458981,2.799750,
-0.471586,2.799317,
-0.483530,2.798902,
-0.494862,2.798503,
-0.863583,-2.126001,
-0.844348,-2.113075,
-0.823767,-2.099907,
-0.801726,-2.086494,
-0.778101,-2.072834,
-0.752761,-2.058926,
-0.725565,-2.044768,
-0.696364,-2.030360,
-0.665006,-2.015700,
-0.631334,-2.000789,
-0.595193,-1.985627,
-0.418691,-2.341549,
-0.374312,-2.281942,
-0.330961,-2.221660,
-0.287681,-2.162512,
-0.243837,-2.108097,
-0.199921,-2.056811,
-0.155199,-2.005227,
-0.117450,-1.955604,
-0.093616,-1.909301,
-0.069743,-1.863512,
-0.034394,-1.816631,
0.024497,-1.779185,
0.081978,-1.758575,
0.139877,-1.737604,
0.205179,-1.713687,
0.274531,-1.690538,
0.344996,-1.682903,
0.415869,-1.674821,
0.480194,-1.672961,
0.542791,-1.675504,
0.607733,-1.686804,
0.673191,-1.699258,
0.741251,-1.713198,
0.808433,-1.733021,
0.875218,-1.767759,
0.934410,-1.813568,
0.991515,-1.866831,
1.046379,-1.929588,
1.098582,-2.023934,
1.140533,-2.147239,
1.173912,-2.289553,
1.195662,-2.446678,
1.201963,-2.625324,
1.192681,-2.799359,
1.170881,-2.946808,
1.140720,-3.074697,
1.100106,3.089556,
1.051175,3.001268,
0.998738,2.937162,
0.944368,2.882588,
0.885671,2.835338,
0.822197,2.802163,
0.755817,2.782939,
0.687375,2.770152,
0.615965,2.749164,
0.544718,2.730291,
0.474421,2.713239,
0.405790,2.697765,
0.339432,2.683666,
0.315300,2.729776,
0.252958,2.731868,
0.193881,2.733789,
0.138198,2.735558,
0.085942,2.737194,
0.037066,2.738710,
-0.008537,2.740120,
-0.051012,2.741434,
-0.090533,2.742661,
0.520079,3.128361,
0.485165,-3.093132,
0.450841,-3.033315,
0.414923,-2.975119,
0.377857,-2.918855,
0.340434,-2.863899,
0.304893,-2.805257,
0.271324,-2.743254,
0.236975,-2.683238,
0.201860,-2.624424,
0.164695,-2.566475,
0.126397,-2.508611,
0.093019,-2.447456,
0.060434,-2.386498,
-0.444872,2.754589,
-0.458520,2.755110,
-0.471422,2.755609,
-0.483634,2.756087,
-0.495205,2.756546,
-0.852292,-2.032926,
-0.831450,-2.018958,
-0.809137,-2.004760,
-0.785232,-1.990332,
-0.759608,-1.975675,
-0.732127,-1.960790,
-0.702649,-1.945679,
-0.671027,-1.930342,
-0.637115,-1.914783,
-0.600769,-1.899004,
-0.556389,-2.307713,
-0.511281,-2.244236,
-0.465106,-2.183801,
-0.419905,-2.123048,
-0.376172,-2.063001,
-0.332775,-2.003546,
-0.288362,-1.945922,
-0.243241,-1.891979,
-0.210231,-1.843813,
-0.158890,-1.793719,
-0.097933,-1.742608,
-0.036713,-1.692099,
0.022581,-1.653520,
0.082466,-1.631059,
0.151961,-1.604905,
0.220801,-1.578403,
0.287088,-1.557404,
0.355302,-1.545554,
0.423959,-1.532994,
0.493698,-1.519690,
0.569278,-1.513039,
0.640686,-1.514732,
0.709873,-1.518217,
0.778477,-1.522108,
0.848082,-1.537173,
0.918273,-1.556860,
0.988060,-1.580095,
1.054542,-1.612509,
1.118870,-1.676041,
1.181609,-1.759378,
1.240865,-1.869878,
1.289788,-2.028565,
1.326548,-2.253917,
1.342756,-2.542324,
1.336908,-2.834363,
1.306403,-3.082342,
1.264665,3.015743,
1.213067,2.893081,
1.154686,2.804014,
1.093785,2.735863,
1.032171,2.685061,
0.966943,2.658452,
0.899406,2.641370,
0.831977,2.627014,
0.764788,2.617423,
0.696068,2.614722,
0.626922,2.612301,
0.558006,2.610118,
0.487517,2.615068,
0.417475,2.622992,
0.349806,2.630189,
0.284987,2.636754,
0.223357,2.642768,
0.165124,2.648295,
0.110383,2.653394,
0.059130,2.658110,
0.011291,2.662486,
0.488446,2.944473,
0.446693,2.994040,
0.406198,3.047238,
0.369431,3.108902,
0.333403,-3.114527,
0.298169,-3.055614,
0.262021,-2.998094,
0.224510,-2.941802,
0.188521,-2.881661,
0.155225,-2.821631,
0.121123,-2.761651,
0.086562,-2.702116,
0.052135,-2.644171,
0.016942,-2.586605,
-0.014610,-2.524432,
-0.046040,-2.460321,
-0.077338,-2.395906,
-0.457192,2.708470,
-0.470426,2.709982,
-0.482937,2.711432,
-0.494780,2.712821,
-0.835804,-1.937483,
-0.813149,-1.922682,
-0.788902,-1.907677,
-0.762940,-1.892472,
-0.735136,-1.877069,
-0.705355,-1.861473,
-0.673463,-1.845687,
-0.782975,-2.422912,
-0.742314,-2.344250,
-0.697973,-2.270146,
-0.650739,-2.201013,
-0.601520,-2.137191,
-0.549229,-2.079088,
-0.503051,-2.015008,
-0.457448,-1.953194,
-0.410146,-1.893832,
-0.361851,-1.837171,
-0.302227,-1.780934,
-0.238996,-1.720862,
-0.175490,-1.669198,
-0.111370,-1.618560,
-0.047851,-1.569249,
0.015549,-1.528660,
0.083621,-1.499366,
0.147741,-1.472223,
0.211716,-1.444572,
0.275715,-1.418725,
0.343581,-1.402961,
0.417701,-1.386098,
0.493289,-1.368098,
0.568168,-1.354424,
0.643764,-1.343895,
0.719299,-1.332097,
0.792527,-1.321054,
0.865805,-1.321370,
0.940057,-1.321861,
1.014043,-1.322461,
1.086946,-1.331549,
1.160074,-1.352114,
1.233206,-1.381087,
1.303045,-1.428648,
1.371355,-1.536889,
1.436147,-1.755466,
1.483601,-2.272247,
1.477696,-3.046941,
1.427105,2.806737,
1.360319,2.617532,
1.291262,2.524467,
1.224388,2.479471,
1.153671,2.455252,
1.083026,2.437764,
1.013923,2.435224,
0.945036,2.441774,
0.875606,2.445754,
0.806140,2.446597,
0.737583,2.451970,
0.666898,2.464378,
0.594324,2.481517,
0.522205,2.496932,
0.451323,2.510864,
0.382373,2.523512,
0.315933,2.535042,
0.252445,2.545593,
0.521027,2.671031,
0.484109,2.723069,
0.445759,2.773556,
0.406362,2.822313,
0.366322,2.869210,
0.325599,2.916513,
0.289845,2.974536,
0.254888,3.034078,
0.218621,3.090775,
0.181874,-3.136684,
0.145489,-3.080742,
0.108711,-3.024130,
0.074235,-2.962458,
0.039815,-2.901694,
0.005936,-2.842536,
-0.028057,-2.781420,
-0.062308,-2.719107,
-0.095270,-2.655369,
-0.126316,-2.591606,
-0.156383,-2.527907,
-0.185922,-2.463377,
-0.214976,-2.398383,
-0.468495,2.662511,
-0.481342,2.665003,
-0.493491,2.667390,
-0.813792,-1.841355,
-1.033192,-2.889327,
-1.021807,-2.789620,
-1.005080,-2.688497,
-0.982663,-2.587997,
-0.954439,-2.490088,
-0.920550,-2.396444,
-0.881391,-2.308306,
-0.837578,-2.226443,
-0.789902,-2.151183,
-0.738366,-2.083089,
-0.680153,-2.023374,
-0.623938,-1.962610,
-0.571902,-1.898016,
-0.519305,-1.838281,
-0.461149,-1.779941,
-0.399878,-1.724059,
-0.334676,-1.660371,
-0.268497,-1.598219,
-0.208003,-1.548385,
-0.150749,-1.501150,
-0.089942,-1.455933,
-0.021208,-1.415934,
0.047802,-1.382014,
0.117546,-1.350234,
0.186901,-1.318053,
0.253948,-1.285070,
0.331770,-1.260154,
0.405221,-1.238121,
0.478493,-1.214650,
0.551306,-1.191780,
0.625349,-1.171390,
0.704294,-1.150456,
0.785668,-1.128070,
0.861658,-1.108185,
0.937710,-1.084571,
1.013035,-1.055672,
1.087156,-1.026564,
1.160886,-0.995510,
1.234347,-0.951625,
1.306310,-0.885235,
1.376561,-0.794551,
1.445289,-0.603280,
1.501085,-0.035756,
1.502202,1.173121,
1.446082,1.735489,
1.376323,1.925040,
1.303998,2.015116,
1.233862,2.079675,
1.162237,2.122771,
1.091104,2.152788,
1.023230,2.180733,
0.957125,2.211135,
0.886267,2.239960,
0.815275,2.264133,
0.744337,2.293334,
0.681773,2.323375,
0.619803,2.350472,
0.550881,2.373206,
0.480522,2.393312,
0.506749,2.442201,
0.479735,2.483058,
0.451911,2.522973,
0.413896,2.575741,
0.373460,2.629798,
0.335211,2.681674,
0.296080,2.732258,
0.256351,2.782157,
0.215458,2.834680,
0.175636,2.892796,
0.139369,2.951283,
0.102359,3.009609,
0.065077,3.067380,
0.028549,3.123324,
-0.006294,-3.102372,
-0.040373,-3.040817,
-0.074633,-2.978482,
-0.108595,-2.915841,
-0.142786,-2.853659,
-0.177858,-2.791037,
-0.210461,-2.725559,
-0.241922,-2.659718,
-0.272315,-2.593552,
-0.302537,-2.524790,
-0.331668,-2.454048,
-0.356057,-2.381548,
-0.478752,2.616905,
-0.491245,2.620351,
-1.139631,-2.940044,
-1.133951,-2.823929,
-1.122425,-2.704926,
-1.104517,-2.586325,
-1.079991,-2.471356,
-1.048940,-2.362685,
-1.011762,-2.262126,
-0.969106,-2.170595,
-0.921567,-2.088558,
-0.867101,-2.018154,
-0.808821,-1.954724,
-0.747630,-1.897721,
-0.692141,-1.832236,
-0.627247,-1.770675,
-0.560580,-1.714609,
-0.495878,-1.660558,
-0.430473,-1.600169,
-0.368725,-1.539728,
-0.311278,-1.483494,
-0.253347,-1.430601,
-0.195262,-1.383703,
-0.126453,-1.343731,
-0.058139,-1.304988,
0.004124,-1.266539,
0.068744,-1.232849,
0.134040,-1.198457,
0.204541,-1.165872,
0.277140,-1.133788,
0.358198,-1.102619,
0.439003,-1.069464,
0.519609,-1.033292,
0.601019,-1.003737,
0.680735,-0.972479,
0.759719,-0.937005,
0.834602,-0.898105,
0.908488,-0.853545,
0.984059,-0.800556,
1.056778,-0.734493,
1.124282,-0.658100,
1.189552,-0.559350,
1.250900,-0.428005,
1.304548,-0.241777,
1.347290,0.029523,
1.372093,0.389389,
1.371789,0.791814,
1.346393,1.146257,
1.302577,1.404870,
1.247662,1.591387,
1.186345,1.721948,
1.122028,1.815268,
1.056131,1.884237,
0.987877,1.951144,
0.920030,2.006597,
0.853402,2.052610,
0.786625,2.091639,
0.718780,2.134491,
0.649113,2.173106,
0.586099,2.206872,
0.526156,2.237882,
0.469519,2.291121,
0.411603,2.341525,
0.375848,2.383835,
0.349295,2.422951,
0.312969,2.475470,
0.273805,2.529745,
0.233741,2.583809,
0.193643,2.636997,
0.153906,2.689422,
0.113509,2.742585,
0.073238,2.800896,
0.033144,2.858259,
-0.004585,2.915448,
-0.041935,2.975396,
-0.079537,3.036188,
-0.116638,3.098640,
-0.152830,-3.121785,
-0.188461,-3.058520,
-0.223409,-2.994282,
-0.257168,-2.929586,
-0.290173,-2.862521,
-0.323759,-2.794637,
-0.356401,-2.724283,
-0.387358,-2.652309,
-0.418155,-2.580325,
-0.447625,-2.506770,
-0.471260,-2.430649,
-0.475079,2.567280,
-0.487957,2.571833,
-1.234289,-2.872767,
-1.227989,-2.728537,
-1.214465,-2.583925,
-1.193383,-2.444757,
-1.164884,-2.315649,
-1.129504,-2.199308,
-1.088039,-2.096595,
-1.040054,-2.010728,
-0.986953,-1.935231,
-0.929516,-1.868975,
-0.868585,-1.810847,
-0.808692,-1.779699,
-0.741964,-1.711504,
-0.672261,-1.650533,
-0.600985,-1.596083,
-0.534004,-1.543158,
-0.477725,-1.481299,
-0.418962,-1.423418,
-0.358902,-1.368418,
-0.298528,-1.316397,
-0.238964,-1.270073,
-0.175497,-1.229710,
-0.112448,-1.190531,
-0.049310,-1.151954,
0.013603,-1.114685,
0.081021,-1.081016,
0.152112,-1.048599,
0.222812,-1.013948,
0.297314,-0.977994,
0.378208,-0.939503,
0.462287,-0.896324,
0.546031,-0.850989,
0.626767,-0.808930,
0.708928,-0.760175,
0.788419,-0.697595,
0.858694,-0.636817,
0.927218,-0.565133,
0.992510,-0.481001,
1.052488,-0.380175,
1.104867,-0.262730,
1.152068,-0.123539,
1.191686,0.049378,
1.220689,0.250232,
1.237378,0.477625,
1.237512,0.719641,
1.223390,0.950889,
1.193089,1.157000,
1.152326,1.326942,
1.104089,1.462749,
1.050165,1.572768,
0.992599,1.669574,
0.930742,1.751448,
0.866203,1.820476,
0.801360,1.878320,
0.739746,1.932765,
0.676375,1.983158,
0.611745,2.028720,
0.546006,2.070520,
0.486408,2.121075,
0.430952,2.176160,
0.373885,2.228941,
0.316038,2.279286,
0.258014,2.327541,
0.211481,2.382476,
0.171540,2.437864,
0.130906,2.492862,
0.090776,2.546753,
0.050766,2.599749,
0.011085,2.653016,
-0.028991,2.710863,
-0.069627,2.769438,
-0.110124,2.828493,
-0.149830,2.887736,
-0.188317,2.948441,
-0.225945,3.011882,
-0.262390,3.076088,
-0.297209,-3.139579,
-0.333332,-3.070963,
-0.368351,-2.999828,
-0.404204,-2.930521,
-0.438978,-2.861030,
-0.472652,-2.789746,
-0.504181,-2.716085,
-0.532905,-2.639722,
-0.560753,-2.562263,
-0.587142,-2.479996,
-0.610353,-2.394770,
-0.483549,2.522006,
-1.321303,-2.765303,
-1.311909,-2.580187,
-1.293606,-2.404098,
-1.266776,-2.245997,
-1.232357,-2.109793,
-1.191705,-1.999328,
-1.145191,-1.906198,
-1.093495,-1.827422,
-1.037354,-1.760699,
-0.977523,-1.703936,
-0.914788,-1.655351,
-0.866423,-1.676590,
-0.797503,-1.611200,
-0.727589,-1.553629,
-0.659605,-1.501801,
-0.597314,-1.440508,
-0.538986,-1.373732,
-0.478653,-1.316290,
-0.425911,-1.261985,
-0.372991,-1.209471,
-0.308865,-1.163177,
-0.244361,-1.120179,
-0.178760,-1.080602,
-0.112998,-1.041957,
-0.047378,-1.003685,
0.021976,-0.966768,
0.095202,-0.928965,
0.168021,-0.891014,
0.237906,-0.854347,
0.313751,-0.813908,
0.398777,-0.765678,
0.484866,-0.711807,
0.567737,-0.656658,
0.646796,-0.596851,
0.718406,-0.524221,
0.783745,-0.447274,
0.844010,-0.368800,
0.900325,-0.279243,
0.950759,-0.180039,
0.995715,-0.067725,
1.034328,0.055890,
1.064432,0.197205,
1.087185,0.351059,
1.100340,0.517133,
1.101970,0.691173,
1.092285,0.861301,
1.071619,1.020596,
1.040433,1.165758,
1.000950,1.298224,
0.954151,1.414349,
0.901748,1.513079,
0.846000,1.597238,
0.788220,1.669832,
0.727084,1.742071,
0.665492,1.804777,
0.603144,1.860258,
0.539943,1.910320,
0.475114,1.962744,
0.412465,2.016735,
0.355577,2.072586,
0.299635,2.125549,
0.242969,2.177657,
0.183204,2.230798,
0.130426,2.286019,
0.082431,2.341966,
0.040278,2.396437,
-0.000097,2.450632,
-0.044103,2.507204,
-0.088387,2.564024,
-0.132477,2.620480,
-0.173978,2.678866,
-0.215069,2.738369,
-0.255183,2.798592,
-0.294226,2.862570,
-0.332721,2.926006,
-0.370352,2.992809,
-0.407037,3.062856,
-0.441631,3.134549,
-0.478703,-3.076505,
-0.516831,-3.006122,
-0.552357,-2.932064,
-0.586272,-2.854863,
-0.619886,-2.774244,
-0.651692,-2.692570,
-0.682651,-2.613538,
-0.708625,-2.528097,
-0.730867,-2.438917,
-0.477960,2.471072,
-1.397315,-2.573562,
-1.380695,-2.334578,
-1.353940,-2.133826,
-1.320082,-1.979606,
-1.279880,-1.858471,
-1.234054,-1.762362,
-1.183435,-1.685570,
-1.128716,-1.623484,
-1.070523,-1.572614,
-1.009477,-1.530378,
-0.983630,-1.632549,
-0.917821,-1.562515,
-0.854021,-1.500929,
-0.786539,-1.446312,
-0.716412,-1.397819,
-0.655658,-1.328267,
-0.603106,-1.263239,
-0.552630,-1.202234,
-0.500063,-1.146574,
-0.441474,-1.096756,
-0.375468,-1.052681,
-0.311579,-1.010740,
-0.247521,-0.970689,
-0.181842,-0.931970,
-0.114336,-0.894379,
-0.045363,-0.858264,
0.024205,-0.821798,
0.096923,-0.783020,
0.173633,-0.742786,
0.253829,-0.694733,
0.337384,-0.639739,
0.420703,-0.581008,
0.501036,-0.518930,
0.566054,-0.453411,
0.629192,-0.382227,
0.689787,-0.304199,
0.743646,-0.222635,
0.790310,-0.136168,
0.833173,-0.045633,
0.872145,0.053233,
0.906520,0.161480,
0.932064,0.282091,
0.951669,0.409513,
0.964035,0.541564,
0.967961,0.677694,
0.960498,0.815230,
0.943900,0.948194,
0.920211,1.073766,
0.887507,1.189146,
0.848263,1.295286,
0.802092,1.389639,
0.751846,1.476160,
0.697855,1.555978,
0.640263,1.628186,
0.581564,1.692670,
0.522403,1.751335,
0.461793,1.810010,
0.398856,1.864750,
0.335746,1.917874,
0.280959,1.974534,
0.223913,2.029422,
0.165278,2.083173,
0.106060,2.135877,
0.051822,2.190259,
0.004647,2.246661,
-0.046127,2.302770,
-0.096852,2.359082,
-0.141809,2.415283,
-0.186843,2.472279,
-0.231493,2.529489,
-0.274911,2.587709,
-0.317496,2.649211,
-0.359541,2.713903,
-0.400926,2.779989,
-0.441907,2.845216,
-0.481081,2.912310,
-0.518698,2.982301,
-0.553831,3.056788,
-0.588892,3.130356,
-0.627315,-3.083925,
-0.664430,-3.009817,
-0.699952,-2.926794,
-0.733991,-2.840332,
-0.769816,-2.757686,
-0.425644,2.394121,
-0.441725,2.402866,
-0.456869,2.411240,
-0.471149,2.419265,
-1.454745,-2.191181,
-1.426701,-1.937274,
-1.391240,-1.766153,
-1.349932,-1.647521,
-1.304034,-1.562643,
-1.254282,-1.499741,
-1.201175,-1.451610,
-1.145125,-1.413756,
-1.086534,-1.383285,
-1.025834,-1.358273,
-1.034212,-1.499680,
-0.973018,-1.434138,
-0.907431,-1.377406,
-0.794614,-1.367096,
-0.781133,-1.276826,
-0.733540,-1.207948,
-0.683251,-1.144223,
-0.631090,-1.085554,
-0.576859,-1.031709,
-0.513394,-0.981832,
-0.447164,-0.937010,
-0.379690,-0.894683,
-0.313835,-0.856333,
-0.248244,-0.819627,
-0.179650,-0.783703,
-0.109061,-0.748217,
-0.038090,-0.713153,
0.034843,-0.675639,
0.111159,-0.634185,
0.193378,-0.580872,
0.273973,-0.526047,
0.344915,-0.469917,
0.415348,-0.410209,
0.475968,-0.339780,
0.533480,-0.266164,
0.582406,-0.195326,
0.628986,-0.119317,
0.672160,-0.037225,
0.710801,0.049302,
0.745136,0.140970,
0.774825,0.237512,
0.797880,0.339898,
0.814966,0.448133,
0.825931,0.559273,
0.830495,0.672303,
0.827574,0.786246,
0.814081,0.899535,
0.794840,1.008840,
0.767911,1.113138,
0.734217,1.213048,
0.694205,1.301894,
0.648023,1.383398,
0.598410,1.459598,
0.546656,1.530198,
0.492950,1.595383,
0.435821,1.657288,
0.376718,1.716509,
0.316654,1.772830,
0.256668,1.826256,
0.200366,1.881431,
0.142678,1.936550,
0.084313,1.990995,
0.026183,2.044464,
-0.029651,2.096940,
-0.081058,2.151649,
-0.132894,2.207548,
-0.184398,2.264319,
-0.234813,2.321609,
-0.282641,2.378295,
-0.328843,2.436087,
-0.374481,2.496374,
-0.418854,2.558857,
-0.461492,2.623246,
-0.505171,2.689457,
-0.547750,2.756122,
-0.588332,2.826294,
-0.627237,2.900177,
-0.665709,2.978906,
-0.704991,3.053945,
-0.743013,3.129281,
-0.781398,-3.075975,
0.448630,1.894250,
0.443464,1.910900,
0.438440,1.926691,
0.433560,1.941681,
-0.261906,2.154375,
-0.448278,2.357676,
-0.463096,2.366847,
-1.479765,-1.522860,
-1.440467,-1.403374,
-1.397816,-1.336695,
-1.352290,-1.294504,
-1.304089,-1.265500,
-1.253357,-1.244367,
-0.794777,-2.013365,
-0.828877,-1.931714,
-0.858244,-1.840350,
-0.879432,-1.740208,
-0.895220,-1.641056,
-0.907557,-1.539591,
-0.918304,-1.436348,
-0.913277,-1.320846,
-0.888293,-1.208647,
-0.837835,-1.113119,
-0.783576,-1.029131,
-0.726452,-0.971093,
-0.666832,-0.918098,
-0.597281,-0.869560,
-0.527461,-0.825875,
-0.458921,-0.785656,
-0.391129,-0.749758,
-0.321958,-0.714848,
-0.249412,-0.677242,
-0.174408,-0.638995,
-0.098740,-0.601542,
-0.025585,-0.566440,
0.050086,-0.523751,
0.119160,-0.473299,
0.188554,-0.421515,
0.257088,-0.368622,
0.324272,-0.308343,
0.378739,-0.240592,
0.424827,-0.173870,
0.469250,-0.104235,
0.511219,-0.032206,
0.548708,0.043160,
0.582300,0.122981,
0.612990,0.206688,
0.639953,0.292960,
0.663051,0.382052,
0.679184,0.478016,
0.688787,0.576090,
0.692583,0.675652,
0.692938,0.773119,
0.685438,0.868162,
0.670372,0.965196,
0.648090,1.061195,
0.615859,1.151896,
0.578143,1.233882,
0.537878,1.310908,
0.492028,1.384472,
0.443642,1.455701,
0.391267,1.518325,
0.337249,1.576607,
0.280029,1.634953,
0.222087,1.690580,
0.163380,1.744971,
0.107010,1.798238,
0.050496,1.851129,
-0.006847,1.904728,
-0.064230,1.955424,
-0.120881,2.007632,
-0.174399,2.062103,
-0.226865,2.117121,
-0.278502,2.172761,
-0.329287,2.228374,
-0.379425,2.285379,
-0.428289,2.342745,
-0.475527,2.402497,
-0.521243,2.465255,
-0.564930,2.531620,
-0.608564,2.597873,
-0.652842,2.662745,
-0.695545,2.731944,
-0.735634,2.805928,
-0.773377,2.886907,
0.412806,1.870173,
0.408360,1.888319,
0.404025,1.905497,
0.399803,1.921772,
0.395698,1.937208,
0.391709,1.951859,
0.387837,1.965779,
0.384080,1.979016,
0.380437,1.991614,
0.376906,2.003615,
-1.458832,-0.883665,
-1.418991,-0.939133,
-1.376714,-0.972985,
-1.332114,-0.995749,
-0.821778,-2.260175,
-0.869026,-2.186231,
-0.913332,-2.103691,
-0.951812,-2.013194,
-0.983673,-1.905473,
-1.008436,-1.785928,
-1.026268,-1.658691,
-1.036572,-1.528512,
-1.033881,-1.387921,
-1.019557,-1.251165,
-0.993056,-1.122881,
-0.938118,-1.018883,
-0.877446,-0.925774,
-0.813346,-0.845969,
-0.746960,-0.788357,
-0.678274,-0.746492,
-0.608510,-0.708891,
-0.538385,-0.674906,
-0.469338,-0.641142,
-0.397640,-0.606525,
-0.323695,-0.571521,
-0.250108,-0.537896,
-0.177986,-0.504964,
-0.107070,-0.474646,
-0.037132,-0.435397,
0.031048,-0.383758,
0.099676,-0.329954,
0.167840,-0.275547,
0.221636,-0.222195,
0.264542,-0.158977,
0.307608,-0.094357,
0.349551,-0.027784,
0.386810,0.039897,
0.420565,0.109660,
0.451807,0.184924,
0.480440,0.261710,
0.503839,0.339534,
0.524645,0.419418,
0.542571,0.502556,
0.551174,0.589817,
0.555675,0.677716,
0.556701,0.765718,
0.549808,0.851720,
0.538315,0.936723,
0.523795,1.020133,
0.497115,1.098131,
0.462317,1.174458,
0.425057,1.248515,
0.385077,1.319684,
0.337671,1.388023,
0.286450,1.448080,
0.234716,1.504007,
0.182264,1.557164,
0.125680,1.611037,
0.067842,1.665138,
0.012311,1.718578,
-0.042706,1.767002,
-0.097716,1.814454,
-0.154641,1.863628,
-0.211885,1.915478,
-0.265696,1.970010,
-0.317869,2.020382,
-0.369383,2.072627,
-0.421348,2.127253,
-0.473447,2.184296,
-0.523993,2.242232,
-0.572581,2.300975,
-0.619796,2.363429,
-0.667160,2.431042,
-0.714031,2.499492,
-0.760094,2.568216,
0.371520,1.843507,
0.368055,1.863357,
0.364650,1.882112,
0.361315,1.899848,
0.358054,1.916636,
0.354871,1.932541,
0.351770,1.947623,
0.348752,1.961938,
0.345817,1.975538,
0.342966,1.988471,
0.340197,2.000780,
0.337510,2.012506,
0.334904,2.023686,
-1.414708,-0.555184,
-1.379080,-0.654052,
-0.798291,-2.513456,
-0.859299,-2.461704,
-0.917874,-2.398494,
-0.972134,-2.322224,
-1.022175,-2.233582,
-1.067642,-2.129210,
-1.104587,-2.002336,
-1.133514,-1.858228,
-1.154588,-1.698304,
-1.161563,-1.522773,
-1.156356,-1.341834,
-1.131958,-1.167036,
-1.097539,-1.015933,
-1.047224,-0.900629,
-0.985821,-0.805628,
-0.922749,-0.727305,
-0.851805,-0.670323,
-0.776252,-0.627860,
-0.699503,-0.589496,
-0.621762,-0.555666,
-0.544227,-0.525677,
-0.474250,-0.496876,
-0.405476,-0.469089,
-0.336054,-0.442758,
-0.266791,-0.417807,
-0.195989,-0.387931,
-0.125425,-0.349066,
-0.056367,-0.299318,
0.007140,-0.250406,
0.055233,-0.198378,
0.103863,-0.145316,
0.148900,-0.086263,
0.190361,-0.022786,
0.225901,0.040476,
0.258008,0.104628,
0.289697,0.171477,
0.320079,0.241056,
0.344693,0.313634,
0.365873,0.386541,
0.384955,0.459595,
0.401855,0.532803,
0.415751,0.604855,
0.423111,0.683277,
0.424541,0.765508,
0.417606,0.846719,
0.406181,0.927106,
0.391783,0.999406,
0.370943,1.069431,
0.338531,1.136768,
0.304684,1.202645,
0.269928,1.266559,
0.229535,1.324155,
0.179175,1.378255,
0.127721,1.431980,
0.075875,1.485030,
0.024352,1.537125,
-0.026916,1.583866,
-0.082566,1.629860,
-0.138703,1.676838,
-0.194607,1.724621,
-0.249556,1.773005,
-0.301637,1.818916,
-0.354821,1.865521,
-0.409149,1.915314,
-0.462642,1.967602,
-0.514567,2.022272,
-0.564360,2.077648,
-0.616434,2.129697,
-0.668008,2.186950,
-0.717909,2.249048,
-0.765337,2.316092,
0.321560,1.835653,
0.319397,1.856210,
0.317237,1.875611,
0.315090,1.893938,
0.312967,1.911267,
0.310874,1.927667,
0.308816,1.943204,
0.306797,1.957935,
0.304821,1.971918,
0.302890,1.985201,
0.301004,1.997832,
0.299166,2.009855,
0.297374,2.021308,
0.295630,2.032229,
0.293932,2.042651,
-1.365950,-0.391300,
-0.797391,-2.707144,
-0.864977,-2.670532,
-0.932059,-2.627453,
-0.996539,-2.576167,
-1.057278,-2.507816,
-1.115282,-2.421880,
-1.169728,-2.313182,
-1.218117,-2.172320,
-1.256019,-1.987670,
-1.281906,-1.769070,
-1.289336,-1.517531,
-1.278375,-1.265123,
-1.250950,-1.042920,
-1.206980,-0.866107,
-1.151144,-0.742009,
-1.093989,-0.646637,
-1.032482,-0.571151,
-0.956073,-0.526343,
-0.880991,-0.494637,
-0.806016,-0.468426,
-0.731019,-0.442205,
-0.654775,-0.417900,
-0.582849,-0.402678,
-0.510750,-0.384939,
-0.433865,-0.352650,
-0.356246,-0.322455,
-0.282014,-0.296953,
-0.212376,-0.261398,
-0.163709,-0.212648,
-0.114119,-0.164149,
-0.064186,-0.116124,
-0.014503,-0.068783,
0.032740,-0.016180,
0.067001,0.045761,
0.098235,0.107803,
0.128319,0.169250,
0.157786,0.230890,
0.184451,0.292283,
0.206947,0.356582,
0.226317,0.424564,
0.244529,0.492602,
0.259566,0.559510,
0.272068,0.627505,
0.283456,0.696729,
0.292598,0.767101,
0.284764,0.840739,
0.272492,0.910096,
0.259422,0.979418,
0.245633,1.048959,
0.215005,1.119295,
0.182928,1.189610,
0.143928,1.242038,
0.101392,1.283988,
0.055711,1.329903,
0.004738,1.382792,
-0.043135,1.420011,
-0.091075,1.456108,
-0.139616,1.497079,
-0.187907,1.540443,
-0.238058,1.584891,
-0.293001,1.629009,
-0.347254,1.672456,
-0.401044,1.717629,
-0.452804,1.762822,
-0.503165,1.809795,
-0.554547,1.858462,
-0.607956,1.911091,
-0.660394,1.968221,
-0.714088,2.019447,
-0.766050,2.074292,
0.267191,1.827400,
0.266568,1.848707,
0.265876,1.868794,
0.265128,1.887748,
0.264338,1.905650,
0.263517,1.922574,
0.262672,1.938590,
0.261813,1.953760,
0.260945,1.968145,
0.260073,1.981797,
0.259201,1.994767,
0.258333,2.007100,
0.257471,2.018839,
0.256619,2.030023,
0.255777,2.040687,
0.254947,2.050865,
0.254130,2.060587,
-1.318252,-0.297981,
-0.841366,-2.876714,
-0.911210,-2.854942,
-0.980946,-2.828793,
-1.049758,-2.796849,
-1.118263,-2.753241,
-1.186178,-2.694124,
-1.251253,-2.606331,
-1.312122,-2.478492,
-1.365290,-2.277226,
-1.405369,-1.959326,
-1.420379,-1.513754,
-1.402224,-1.077642,
-1.360067,-0.775529,
-1.305010,-0.588234,
-1.241379,-0.472875,
-1.175102,-0.396575,
-1.108779,-0.345528,
-1.042149,-0.310267,
-0.973877,-0.307583,
-0.905049,-0.305373,
-0.835488,-0.302673,
-0.759436,-0.290802,
-0.687750,-0.282204,
-0.615756,-0.274537,
-0.544207,-0.267657,
-0.472525,-0.247594,
-0.400758,-0.223929,
-0.328647,-0.201352,
-0.284604,-0.152422,
-0.237507,-0.103900,
-0.187327,-0.055345,
-0.136791,-0.007773,
-0.099085,0.044466,
-0.066207,0.100986,
-0.037029,0.161845,
-0.007981,0.222020,
0.019161,0.281930,
0.042496,0.342556,
0.065910,0.403923,
0.087758,0.467289,
0.105499,0.533500,
0.117682,0.598820,
0.130145,0.664541,
0.143848,0.729682,
0.154947,0.793285,
0.153921,0.849940,
0.150808,0.908929,
0.138576,0.978162,
0.125798,1.046595,
0.094291,1.115786,
0.054529,1.164427,
0.012658,1.206612,
-0.028731,1.239154,
-0.070155,1.267802,
-0.111516,1.296613,
-0.156816,1.329109,
-0.205206,1.364863,
-0.254170,1.407624,
-0.301956,1.445694,
-0.349517,1.483676,
-0.396639,1.523028,
-0.442902,1.563696,
-0.496504,1.607529,
-0.548991,1.649716,
-0.600485,1.691979,
-0.651370,1.737573,
-0.701063,1.786695,
-0.749993,1.839863,
0.208179,1.818717,
0.209353,1.840823,
0.210368,1.861639,
0.211243,1.881258,
0.211995,1.899767,
0.212641,1.917245,
0.213193,1.933768,
0.213664,1.949401,
0.214063,1.964210,
0.214399,1.978250,
0.214680,1.991576,
0.214913,2.004235,
0.215104,2.016274,
0.215257,2.027733,
0.215377,2.038650,
0.215469,2.049061,
0.215535,2.058998,
0.215580,2.068490,
0.215604,2.077566,
-1.273256,-0.238692,
-0.856620,-3.061598,
-0.929690,-3.060933,
-1.002365,-3.059142,
-1.073554,-3.053502,
-1.145425,-3.047965,
-1.217431,-3.041173,
-1.288717,-3.032986,
-1.358926,-3.013476,
-1.429368,-2.970333,
-1.499103,-2.843270,
-1.552719,-1.472010,
-1.496899,-0.235982,
-1.427330,-0.114367,
-1.357148,-0.072180,
-1.287885,-0.055317,
-1.218986,-0.052339,
-1.149680,-0.050293,
-1.079832,-0.048156,
-1.011873,-0.060704,
-0.950386,-0.079074,
-0.889590,-0.094262,
-0.828842,-0.107297,
-0.772928,-0.121141,
-0.724800,-0.138237,
-0.669843,-0.149592,
-0.598983,-0.149488,
-0.528636,-0.149393,
-0.456363,-0.128393,
-0.395842,-0.094643,
-0.349888,-0.046408,
-0.303710,-0.000267,
-0.272528,0.051576,
-0.238593,0.105162,
-0.202840,0.159320,
-0.170041,0.217234,
-0.142075,0.277673,
-0.119856,0.337916,
-0.097070,0.398197,
-0.073912,0.458017,
-0.050366,0.516711,
-0.030785,0.575917,
-0.017512,0.637551,
-0.004186,0.699100,
0.009451,0.762073,
0.013398,0.820447,
0.011622,0.876297,
0.009802,0.932370,
0.007955,0.988317,
0.005639,1.044334,
-0.032777,1.075664,
-0.070355,1.099467,
-0.108204,1.123595,
-0.146152,1.148027,
-0.184020,1.172738,
-0.221632,1.197703,
-0.258817,1.222894,
-0.302381,1.258449,
-0.353905,1.293252,
-0.404498,1.328399,
-0.453034,1.365044,
-0.500953,1.403401,
-0.548422,1.445600,
-0.595857,1.493232,
-0.648380,1.535913,
-0.701591,1.579293,
-0.754953,1.624349,
0.144385,1.809572,
0.147617,1.832529,
0.150585,1.854120,
0.153312,1.874446,
0.155823,1.893599,
0.158139,1.911665,
0.160277,1.928724,
0.162254,1.944847,
0.164086,1.960102,
0.165785,1.974552,
0.167364,1.988252,
0.168834,2.001254,
0.170203,2.013607,
0.171481,2.025354,
0.172675,2.036536,
0.173793,2.047190,
0.174841,2.057350,
0.175824,2.067049,
0.176748,2.076314,
0.177617,2.085173,
0.178435,2.093651,
-1.231404,-0.197954,
-0.848805,3.035351,
-0.920786,3.018126,
-0.991763,2.994501,
-1.061295,2.964133,
-1.130595,2.925865,
-1.199461,2.874143,
-1.266606,2.800525,
-1.330079,2.685895,
-1.388984,2.498919,
-1.436370,2.159279,
-1.456451,1.602898,
-1.436623,1.046565,
-1.389896,0.705988,
-1.331432,0.517240,
-1.268506,0.401569,
-1.203361,0.324009,
-1.137215,0.269254,
-1.070228,0.228470,
-1.005252,0.195294,
-0.940168,0.167365,
-0.883638,0.138142,
-0.832348,0.109295,
-0.782999,0.083517,
-0.743320,0.058760,
-0.703143,0.035634,
-0.662660,0.014005,
-0.619958,-0.006277,
-0.572616,-0.025315,
-0.507789,-0.028465,
-0.464480,0.020032,
-0.433411,0.075363,
-0.400951,0.129515,
-0.368278,0.178641,
-0.335172,0.225579,
-0.303126,0.273268,
-0.279997,0.333907,
-0.257689,0.395855,
-0.234124,0.456646,
-0.209796,0.516598,
-0.188067,0.576118,
-0.165883,0.635838,
-0.146642,0.696607,
-0.132541,0.758771,
-0.127848,0.817493,
-0.130233,0.874577,
-0.128718,0.933776,
-0.115024,0.998785,
-0.101007,1.062882,
-0.086858,1.125575,
-0.072763,1.186437,
-0.058890,1.245116,
-0.045384,1.301349,
-0.032359,1.354953,
-0.019903,1.405821,
-0.288400,1.056854,
-0.334780,1.091100,
-0.381270,1.126847,
-0.428604,1.163485,
-0.482948,1.197453,
-0.536550,1.233412,
-0.591047,1.273693,
-0.644384,1.316909,
-0.694929,1.362944,
-0.747708,1.407233,
0.075805,1.799928,
0.081344,1.823793,
0.086501,1.846210,
0.091306,1.867288,
0.095788,1.887126,
0.099972,1.905816,
0.103884,1.923442,
0.107545,1.940083,
0.110975,1.955811,
0.114192,1.970692,
0.117215,1.984786,
0.120057,1.998148,
0.122733,2.010831,
0.125256,2.022880,
0.127637,2.034339,
0.129887,2.045248,
0.132015,2.055642,
0.134031,2.065555,
0.135942,2.075018,
0.137756,2.084060,
0.139479,2.092706,
0.141118,2.100980,
0.142678,2.108906,
-1.192714,-0.168328,
-0.818355,2.854182,
-0.885138,2.818088,
-0.951506,2.775505,
-1.016567,2.724484,
-1.079467,2.660389,
-1.139373,2.574575,
-1.195113,2.464012,
-1.245141,2.320092,
-1.285938,2.128554,
-1.313592,1.886599,
-1.323471,1.606931,
-1.314400,1.326884,
-1.287366,1.082951,
-1.247197,0.887775,
-1.198044,0.742549,
-1.143375,0.631110,
-1.085300,0.544586,
-1.026051,0.477323,
-0.966472,0.423657,
-0.904499,0.377471,
-0.841734,0.338137,
0.519355,0.415535,
0.506554,0.424865,
0.493178,0.434446,
0.479198,0.444285,
0.464581,0.454392,
0.449295,0.464776,
0.433306,0.475444,
0.416579,0.486408,
0.399079,0.497676,
-0.567458,0.107663,
-0.536786,0.167669,
-0.504163,0.220485,
-0.471487,0.271113,
-0.444633,0.330896,
-0.416162,0.389660,
-0.391368,0.453299,
-0.366449,0.516651,
-0.345719,0.578773,
-0.324320,0.640361,
-0.301824,0.700965,
-0.278515,0.760176,
-0.259770,0.822638,
-0.247655,0.888911,
-0.234413,0.955189,
-0.220216,1.020898,
-0.205269,1.085488,
-0.189799,1.148466,
-0.174035,1.209415,
-0.158198,1.268002,
-0.142488,1.323985,
-0.127075,1.377206,
-0.112100,1.427587,
-0.097666,1.475113,
-0.083849,1.519824,
-0.070695,1.561799,
-0.058228,1.601147,
-0.046455,1.637996,
-0.552126,1.057405,
-0.609515,1.090994,
-0.666833,1.127715,
-0.723469,1.167911,
-0.778797,1.211951,
0.010677,1.814580,
0.018232,1.837880,
0.025316,1.859759,
0.031961,1.880326,
0.038200,1.899678,
0.044060,1.917907,
0.049570,1.935096,
0.054755,1.951324,
0.059640,1.966660,
0.064246,1.981169,
0.068594,1.994911,
0.072701,2.007940,
0.076586,2.020307,
0.080265,2.032056,
0.083751,2.043231,
0.087058,2.053869,
0.090199,2.064007,
0.093184,2.073676,
0.096024,2.082907,
0.098730,2.091727,
0.101308,2.100163,
0.103768,2.108236,
0.106117,2.115970,
0.108362,2.123385,
-1.157043,-0.145850,
-1.132876,-0.198582,
-0.824320,2.650304,
-0.885730,2.596710,
-0.944491,2.534081,
-0.999810,2.456122,
-1.050578,2.362520,
-1.095690,2.251738,
-1.134973,2.119528,
-1.164553,1.963808,
-1.183589,1.791781,
-1.190760,1.606677,
-1.184336,1.419363,
-1.165678,1.246850,
-1.136958,1.092014,
-1.098643,0.957011,
-1.053990,0.845052,
-1.004495,0.750454,
-0.950391,0.669156,
-0.893385,0.603331,
-0.834854,0.547368,
0.475939,0.341732,
0.463176,0.349467,
0.449882,0.357405,
0.436030,0.365552,
0.421595,0.373916,
0.406547,0.382505,
0.390859,0.391327,
0.374499,0.400389,
0.357439,0.409700,
0.339647,0.419269,
0.321093,0.429104,
-0.667963,0.180492,
-0.634762,0.242972,
-0.607581,0.312045,
-0.581451,0.383368,
-0.553153,0.451988,
-0.523138,0.517297,
-0.501618,0.582810,
-0.478860,0.647998,
-0.454282,0.711918,
-0.428206,0.774103,
-0.401396,0.835732,
-0.374551,0.897886,
-0.357640,0.968797,
-0.339248,1.038253,
-0.064494,0.615683,
-0.097491,0.631244,
-0.131215,0.647265,
-0.165586,0.663757,
-0.237658,1.346806,
-0.220010,1.399585,
-0.202666,1.449424,
-0.185775,1.496336,
-0.169452,1.540382,
-0.153776,1.581661,
-0.138799,1.620299,
-0.124547,1.656435,
-0.111031,1.690220,
-0.098242,1.721806,
-0.086166,1.751344,
-0.074776,1.778979,
-0.064043,1.804852,
-0.053933,1.829094,
-0.044414,1.851830,
-0.035449,1.873172,
-0.027004,1.893229,
-0.019046,1.912098,
-0.011542,1.929870,
-0.004462,1.946626,
0.002222,1.962443,
0.008539,1.977391,
0.014512,1.991533,
0.020166,2.004927,
0.025523,2.017627,
0.030602,2.029681,
0.035422,2.041135,
0.040001,2.052028,
0.044355,2.062400,
0.048498,2.072284,
0.052443,2.081713,
0.056205,2.090715,
0.059794,2.099317,
0.063221,2.107544,
0.066496,2.115420,
0.069628,2.122965,
0.072627,2.130199,
0.075499,2.137141,
0.613145,0.176792,
0.606766,0.180860,
0.600186,0.185014,
-0.801673,2.449456,
-0.854881,2.382136,
-0.902266,2.301635,
-0.945297,2.211571,
-0.983444,2.113342,
-1.014220,2.002858,
-1.037079,1.877026,
-1.051461,1.743890,
-1.057367,1.605625,
-1.052286,1.466940,
-1.038253,1.333491,
-1.015654,1.207678,
-0.985691,1.092916,
-0.948450,0.993784,
-0.905917,0.904631,
-0.859668,0.824326,
-0.809388,0.752770,
0.434889,0.277916,
0.422205,0.284323,
0.409033,0.290891,
0.395350,0.297628,
0.381134,0.304537,
0.366361,0.311626,
0.351007,0.318901,
0.335048,0.326368,
0.318458,0.334035,
0.301212,0.341907,
0.283285,0.349994,
0.264652,0.358302,
0.245287,0.366840,
-0.765276,0.265690,
-0.741191,0.348817,
-0.713375,0.430055,
-0.682449,0.507278,
-0.655391,0.579058,
-0.629473,0.649800,
-0.604165,0.720869,
-0.576964,0.788897,
-0.550410,0.855748,
-0.522005,0.920474,
-0.492118,0.983583,
-0.050644,0.490579,
-0.080727,0.502986,
-0.111561,0.515771,
-0.143098,0.528947,
-0.175279,0.542528,
-0.208039,0.556527,
-0.330044,1.426862,
-0.306610,1.476458,
-0.283872,1.522549,
-0.261980,1.565317,
-0.241037,1.604970,
-0.221101,1.641723,
-0.202197,1.675795,
-0.184916,1.707835,
-0.169932,1.738721,
-0.155717,1.767582,
-0.142251,1.794567,
-0.129510,1.819818,
-0.117465,1.843468,
-0.106081,1.865639,
-0.095325,1.886447,
-0.085162,1.905997,
-0.075556,1.924386,
-0.066474,1.941704,
-0.057883,1.958031,
-0.049752,1.973442,
-0.042051,1.988006,
-0.034752,2.001784,
-0.027830,2.014834,
-0.021259,2.027209,
-0.015017,2.038955,
-0.009083,2.050116,
-0.003437,2.060732,
0.001940,2.070841,
0.007064,2.080475,
0.011951,2.089666,
0.016616,2.098442,
0.021073,2.106829,
0.025334,2.114852,
0.029411,2.122532,
0.033314,2.129891,
0.037054,2.136947,
0.040641,2.143719,
0.044082,2.150221,
0.570502,0.141342,
0.563708,0.144854,
0.556709,0.148438,
0.549499,0.152094,
0.542067,0.155826,
-0.790994,2.191806,
-0.828687,2.110519,
-0.860053,2.022556,
-0.886820,1.927867,
-0.906714,1.822106,
-0.917661,1.711839,
-0.921590,1.603983,
-0.917776,1.496279,
-0.907212,1.389437,
-0.889099,1.282662,
-0.862623,1.184566,
-0.831232,1.095406,
-0.795122,1.013370,
0.408812,0.217425,
0.396691,0.222614,
0.384141,0.227926,
0.371144,0.233368,
0.357682,0.238942,
0.343736,0.244653,
0.329285,0.250507,
0.314312,0.256507,
0.298794,0.262660,
0.282713,0.268970,
0.266047,0.275443,
0.248776,0.282086,
0.230880,0.288903,
0.212338,0.295902,
0.193133,0.303089,
0.173244,0.310472,
0.152657,0.318056,
0.131354,0.325850,
0.109323,0.333862,
-0.786603,0.655350,
-0.756476,0.729847,
-0.728545,0.805395,
-0.701742,0.880111,
-0.670574,0.951748,
-0.636879,1.019667,
-0.065795,0.396768,
-0.093746,0.406845,
-0.122378,0.417226,
-0.151659,0.427924,
-0.181548,0.438949,
-0.470086,1.402792,
-0.442925,1.457068,
-0.416090,1.507327,
-0.389861,1.553773,
-0.364449,1.596644,
-0.340004,1.636199,
-0.316623,1.672696,
-0.294358,1.706390,
-0.273229,1.737525,
-0.253230,1.766326,
-0.234337,1.793005,
-0.216512,1.817753,
-0.199709,1.840746,
-0.183877,1.862142,
-0.168961,1.882083,
-0.154907,1.900700,
-0.142118,1.918627,
-0.130968,1.936540,
-0.120401,1.953407,
-0.110383,1.969309,
-0.100882,1.984318,
-0.091865,1.998502,
-0.083303,2.011922,
-0.075168,2.024632,
-0.067434,2.036685,
-0.060076,2.048127,
-0.053070,2.058999,
-0.046395,2.069342,
-0.040030,2.079191,
-0.033956,2.088579,
-0.028157,2.097535,
-0.022614,2.106089,
-0.017314,2.114264,
-0.012242,2.122085,
-0.007384,2.129573,
-0.002728,2.136748,
0.001737,2.143629,
0.006022,2.150232,
0.010137,2.156575,
0.014092,2.162671,
0.529274,0.109267,
0.522115,0.112300,
0.514751,0.115393,
0.507175,0.118547,
0.499377,0.121763,
0.491351,0.125044,
0.483086,0.128391,
0.474573,0.131806,
0.465803,0.135291,
0.456766,0.138848,
0.447451,0.142480,
0.437846,0.146189,
0.427942,0.149977,
0.417726,0.153846,
0.407185,0.157799,
0.396308,0.161839,
0.385080,0.165968,
0.373488,0.170190,
0.361519,0.174507,
0.349158,0.178922,
0.336389,0.183439,
0.323198,0.188061,
0.309569,0.192792,
0.295486,0.197634,
0.280933,0.202592,
0.265894,0.207670,
0.250352,0.212873,
0.234291,0.218203,
0.217694,0.223666,
0.200546,0.229267,
0.182831,0.235010,
0.164534,0.240900,
0.145640,0.246943,
0.126137,0.253145,
0.106011,0.259510,
0.085253,0.266046,
0.063854,0.272758,
0.041807,0.279654,
0.019108,0.286739,
-0.004245,0.294022,
-0.028249,0.301510,
-0.052899,0.309210,
-0.078186,0.317132,
-0.104096,0.325283,
-0.130612,0.333673,
-0.157710,0.342310,
-0.611554,1.374643,
-0.581990,1.434467,
-0.552141,1.489657,
-0.522428,1.540432,
-0.493193,1.587070,
-0.464702,1.629876,
-0.437148,1.669166,
-0.410667,1.705249,
-0.385343,1.738418,
-0.361218,1.768947,
-0.338304,1.797090,
-0.316589,1.823076,
-0.296043,1.847112,
-0.276625,1.869385,
-0.258287,1.890062,
-0.240974,1.909293,
-0.224631,1.927211,
-0.209202,1.943937,
-0.194630,1.959577,
-0.180863,1.974226,
-0.167848,1.987970,
-0.155536,2.000885,
-0.143881,2.013041,
-0.132840,2.024499,
-0.122372,2.035314,
-0.112811,2.046056,
-0.104395,2.057197,
-0.096371,2.067786,
-0.088716,2.077859,
-0.081408,2.087452,
-0.074426,2.096596,
-0.067751,2.105322,
-0.061366,2.113656,
-0.055254,2.121622,
-0.049399,2.129244,
-0.043786,2.136542,
-0.038403,2.143536,
-0.033236,2.150244,
-0.028273,2.156683,
-0.023504,2.162867,
-0.018917,2.168812,
-0.014504,2.174531,
