1771,30,60,4.479836,2.941823,
-0.000016,1.385620,
-0.444109,1.459657,
-0.444811,1.448901,
-0.443877,1.438095,
-0.441363,1.427420,
-0.437356,1.416788,
-0.431913,1.406361,
-0.425086,1.396140,
-0.416905,1.386115,
-0.407422,1.376452,
-0.396695,1.367028,
-0.384838,1.357951,
-0.371933,1.349246,
-0.358008,1.340808,
-0.343141,1.332854,
-0.327355,1.325246,
-0.310728,1.318054,
-0.293342,1.311345,
-0.275188,1.304996,
-0.256399,1.299204,
-0.236993,1.293819,
-0.217083,1.288963,
-0.196700,1.284565,
-0.175930,1.280632,
-0.154827,1.277140,
-0.133412,1.274098,
-0.111697,1.271523,
-0.089698,1.269410,
-0.067473,1.267752,
-0.045061,1.266548,
-0.022534,1.265831,
0.000013,1.265593,
0.022565,1.265821,
0.045081,1.266543,
0.067457,1.267735,
0.089670,1.269386,
0.111670,1.271508,
0.133384,1.274088,
0.154788,1.277109,
0.175918,1.280621,
0.196703,1.284570,
0.217081,1.288948,
0.237003,1.293806,
0.256400,1.299178,
0.275202,1.305037,
0.293312,1.311309,
0.310704,1.318066,
0.327324,1.325240,
0.343118,1.332855,
0.358003,1.340846,
0.371924,1.349190,
0.384843,1.357924,
0.396704,1.367040,
0.407413,1.376396,
0.416891,1.386141,
0.425060,1.396048,
0.431889,1.406352,
0.437336,1.416813,
0.441349,1.427382,
0.443869,1.438112,
0.444817,1.448853,
0.444108,1.459695,
-0.705502,1.470917,
-0.703909,1.449352,
-0.699524,1.428346,
-0.692470,1.408091,
-0.682890,1.388663,
-0.670947,1.370151,
-0.656875,1.352552,
-0.640900,1.335843,
-0.623258,1.320050,
-0.604073,1.305141,
-0.583345,1.291187,
-0.561178,1.278179,
-0.537747,1.266022,
-0.513240,1.254699,
-0.487747,1.244123,
-0.461259,1.234349,
-0.433854,1.225405,
-0.405671,1.217189,
-0.376816,1.209688,
-0.347317,1.202831,
-0.317310,1.196601,
-0.286887,1.190983,
-0.256049,1.186059,
-0.224784,1.181844,
-0.193173,1.178224,
-0.161343,1.175102,
-0.129370,1.172514,
-0.097271,1.170526,
-0.065017,1.169105,
-0.032583,1.168220,
-0.000020,1.167913,
0.032553,1.168224,
0.065003,1.169116,
0.097266,1.170538,
0.129373,1.172524,
0.161349,1.175109,
0.193175,1.178222,
0.224779,1.181821,
0.256052,1.186026,
0.286894,1.190946,
0.317311,1.196563,
0.347311,1.202811,
0.376799,1.209685,
0.405660,1.217218,
0.433833,1.225420,
0.461243,1.234369,
0.487727,1.244130,
0.513219,1.254693,
0.537727,1.266019,
0.561148,1.278145,
0.583316,1.291162,
0.604048,1.305130,
0.623232,1.320023,
0.640881,1.335841,
0.656851,1.352517,
0.670926,1.370141,
0.682868,1.388661,
0.692447,1.408071,
0.699506,1.428335,
0.703897,1.449317,
0.705492,1.470901,
-0.925431,1.454291,
-0.919330,1.422983,
-0.909416,1.393179,
-0.896129,1.364942,
-0.879826,1.338338,
-0.860844,1.313429,
-0.839426,1.290252,
-0.815844,1.268753,
-0.790261,1.248845,
-0.762824,1.230404,
-0.733866,1.213269,
-0.703563,1.197397,
-0.672026,1.182773,
-0.639353,1.169390,
-0.605624,1.157222,
-0.571084,1.146100,
-0.535837,1.135913,
-0.499828,1.126695,
-0.463229,1.118370,
-0.426243,1.110809,
-0.388799,1.104052,
-0.350773,1.098123,
-0.312310,1.092884,
-0.273693,1.088250,
-0.235030,1.084314,
-0.196231,1.081120,
-0.157207,1.078514,
-0.117983,1.076387,
-0.078656,1.074850,
-0.039325,1.073999,
-0.000026,1.073742,
0.039281,1.073989,
0.078631,1.074835,
0.117980,1.076373,
0.157223,1.078504,
0.196254,1.081120,
0.235045,1.084323,
0.273690,1.088259,
0.312292,1.092889,
0.350747,1.098119,
0.388775,1.104041,
0.426225,1.110794,
0.463211,1.118361,
0.499806,1.126699,
0.535814,1.135921,
0.571070,1.146104,
0.605620,1.157218,
0.639351,1.169382,
0.672021,1.182769,
0.703548,1.197393,
0.733842,1.213267,
0.762793,1.230401,
0.790228,1.248835,
0.815818,1.268741,
0.839405,1.290229,
0.860822,1.313407,
0.879798,1.338314,
0.896095,1.364916,
0.909383,1.393154,
0.919303,1.422958,
0.925413,1.454270,
-1.124218,1.415215,
-1.111389,1.375220,
-1.094233,1.337911,
-1.073358,1.303307,
-1.049349,1.271358,
-1.022601,1.241977,
-0.993437,1.215013,
-0.961986,1.190328,
-0.928475,1.167739,
-0.893327,1.147005,
-0.856807,1.127964,
-0.819118,1.110490,
-0.780268,1.094601,
-0.740360,1.080237,
-0.699716,1.067172,
-0.658376,1.055394,
-0.616401,1.044829,
-0.574053,1.035180,
-0.531324,1.026381,
-0.488043,1.018537,
-0.444340,1.011614,
-0.400493,1.005547,
-0.356537,1.000307,
-0.312336,0.995748,
-0.267883,0.991745,
-0.223343,0.988394,
-0.178825,0.985845,
-0.134267,0.984030,
-0.089588,0.982730,
-0.044814,0.981856,
-0.000018,0.981529,
0.044782,0.981841,
0.089566,0.982706,
0.134260,0.984008,
0.178827,0.985835,
0.223346,0.988399,
0.267878,0.991760,
0.312320,0.995764,
0.356513,1.000318,
0.400465,1.005551,
0.444311,1.011614,
0.488017,1.018537,
0.531306,1.026380,
0.574039,1.035182,
0.616389,1.044833,
0.658369,1.055397,
0.699714,1.067173,
0.740360,1.080236,
0.780258,1.094607,
0.819096,1.110499,
0.856787,1.127972,
0.893320,1.147008,
0.928474,1.167736,
0.961979,1.190321,
0.993420,1.215005,
1.022579,1.241970,
1.049320,1.271351,
1.073321,1.303297,
1.094187,1.337894,
1.111337,1.375195,
1.124162,1.415184,
-1.307148,1.355376,
-1.285858,1.308554,
-1.260137,1.265712,
-1.230723,1.226685,
-1.198291,1.191178,
-1.163360,1.158870,
-1.126132,1.129537,
-1.086778,1.102996,
-1.045716,1.078954,
-1.003378,1.057091,
-0.959955,1.037236,
-0.915451,1.019285,
-0.870054,1.003026,
-0.824006,0.988302,
-0.777338,0.975049,
-0.730179,0.963097,
-0.682693,0.952308,
-0.634849,0.942640,
-0.586678,0.933983,
-0.538361,0.926214,
-0.489911,0.919318,
-0.441213,0.913289,
-0.392354,0.908089,
-0.343535,0.903693,
-0.294781,0.900001,
-0.245936,0.896930,
-0.196906,0.894543,
-0.147754,0.892858,
-0.098560,0.891686,
-0.049317,0.890882,
-0.000010,0.890569,
0.049298,0.890873,
0.098542,0.891676,
0.147735,0.892854,
0.196885,0.894546,
0.245915,0.896938,
0.294762,0.900014,
0.343520,0.903710,
0.392339,0.908107,
0.441195,0.913303,
0.489887,0.919329,
0.538339,0.926218,
0.586665,0.933981,
0.634845,0.942639,
0.682690,0.952315,
0.730169,0.963111,
0.777324,0.975060,
0.823990,0.988306,
0.870045,1.003027,
0.915448,1.019288,
0.959952,1.037245,
1.003374,1.057098,
1.045708,1.078959,
1.086761,1.103003,
1.126101,1.129545,
1.163326,1.158873,
1.198266,1.191176,
1.230704,1.226684,
1.260113,1.265714,
1.285822,1.308554,
1.307096,1.355371,
-1.475754,1.276615,
-1.444479,1.225051,
-1.409156,1.178610,
-1.370523,1.136899,
-1.329337,1.099439,
-1.286124,1.065788,
-1.240982,1.035702,
-1.194197,1.008737,
-1.146238,0.984324,
-1.097291,0.962201,
-1.047397,0.942293,
-0.996711,0.924535,
-0.945573,0.908587,
-0.894125,0.894163,
-0.842331,0.881203,
-0.790278,0.869480,
-0.737983,0.858893,
-0.685436,0.849534,
-0.632806,0.841185,
-0.580180,0.833644,
-0.527489,0.827057,
-0.474788,0.821395,
-0.422173,0.816419,
-0.369612,0.812125,
-0.317026,0.808647,
-0.264384,0.805935,
-0.211674,0.803874,
-0.158889,0.802410,
-0.106023,0.801447,
-0.053056,0.800871,
-0.000002,0.800672,
0.053048,0.800877,
0.106005,0.801457,
0.158863,0.802421,
0.211645,0.803886,
0.264359,0.805948,
0.317007,0.808664,
0.369595,0.812146,
0.422156,0.816439,
0.474773,0.821409,
0.527480,0.827062,
0.580174,0.833650,
0.632801,0.841192,
0.685430,0.849541,
0.737974,0.858896,
0.790264,0.869481,
0.842315,0.881204,
0.894117,0.894163,
0.945572,0.908589,
0.996708,0.924544,
1.047388,0.942303,
1.097274,0.962210,
1.146215,0.984326,
1.194167,1.008735,
1.240948,1.035703,
1.286093,1.065789,
1.329310,1.099437,
1.370493,1.136897,
1.409127,1.178610,
1.444460,1.225058,
1.475739,1.276635,
-1.629773,1.180483,
-1.587555,1.126538,
-1.542091,1.078635,
-1.494072,1.036111,
-1.444244,0.998274,
-1.392918,0.964672,
-1.340208,0.934948,
-1.286524,0.908474,
-1.232222,0.884649,
-1.177282,0.863287,
-1.121682,0.844268,
-1.065711,0.827216,
-1.009552,0.811907,
-0.953270,0.798177,
-0.896981,0.785811,
-0.840664,0.774736,
-0.784228,0.764861,
-0.727763,0.756016,
-0.671393,0.748123,
-0.615094,0.741159,
-0.558872,0.735032,
-0.502832,0.729614,
-0.446985,0.724881,
-0.391197,0.720929,
-0.335386,0.717777,
-0.279564,0.715327,
-0.223741,0.713521,
-0.167885,0.712354,
-0.111974,0.711743,
-0.056005,0.711498,
0.000000,0.711441,
0.056002,0.711506,
0.111963,0.711758,
0.167866,0.712371,
0.223718,0.713539,
0.279542,0.715345,
0.335367,0.717792,
0.391181,0.720943,
0.446972,0.724894,
0.502823,0.729625,
0.558863,0.735042,
0.615087,0.741166,
0.671385,0.748128,
0.727756,0.756016,
0.784221,0.764857,
0.840658,0.774733,
0.896977,0.785809,
0.953267,0.798175,
1.009548,0.811907,
1.065700,0.827220,
1.121665,0.844272,
1.177259,0.863287,
1.232193,0.884649,
1.286494,0.908477,
1.340178,0.934950,
1.392888,0.964670,
1.444221,0.998273,
1.494057,1.036120,
1.542082,1.078654,
1.587548,1.126563,
1.629767,1.180510,
-1.768260,1.068456,
-1.714799,1.014565,
-1.659213,0.967378,
-1.602113,0.925911,
-1.544056,0.889250,
-1.485094,0.857013,
-1.425415,0.828691,
-1.365457,0.803518,
-1.305361,0.781041,
-1.245003,0.761130,
-1.184468,0.743491,
-1.123948,0.727684,
-1.063454,0.713535,
-1.003101,0.700812,
-0.942920,0.689358,
-0.882801,0.679231,
-0.822860,0.670228,
-0.763171,0.662148,
-0.703578,0.655033,
-0.644108,0.648747,
-0.584985,0.643033,
-0.526208,0.637921,
-0.467576,0.633574,
-0.408987,0.630022,
-0.350479,0.627196,
-0.292048,0.625054,
-0.233618,0.623596,
-0.175147,0.622768,
-0.116684,0.622415,
-0.058301,0.622324,
0.000001,0.622318,
0.058300,0.622330,
0.116678,0.622426,
0.175136,0.622782,
0.233605,0.623609,
0.292034,0.625065,
0.350463,0.627205,
0.408973,0.630031,
0.467562,0.633582,
0.526196,0.637929,
0.584976,0.643040,
0.644101,0.648752,
0.703570,0.655038,
0.763163,0.662149,
0.822853,0.670228,
0.882797,0.679228,
0.942916,0.689355,
1.003096,0.700809,
1.063448,0.713530,
1.123938,0.727682,
1.184453,0.743490,
1.244987,0.761130,
1.305344,0.781048,
1.365440,0.803526,
1.425403,0.828694,
1.485085,0.857022,
1.544050,0.889264,
1.602109,0.925923,
1.659205,0.967391,
1.714785,1.014586,
1.768252,1.068481,
-1.890326,0.942498,
-1.825884,0.890995,
-1.760647,0.846438,
-1.695054,0.807615,
-1.629395,0.773563,
-1.563553,0.743907,
-1.497710,0.717949,
-1.432188,0.694860,
-1.366923,0.674410,
-1.301820,0.656463,
-1.237013,0.640568,
-1.172541,0.626393,
-1.108401,0.613707,
-1.044601,0.602288,
-0.981055,0.592154,
-0.917830,0.583188,
-0.855019,0.575141,
-0.792462,0.568076,
-0.730128,0.561910,
-0.668211,0.556253,
-0.606697,0.551030,
-0.545403,0.546440,
-0.484308,0.542533,
-0.423490,0.539276,
-0.362882,0.536773,
-0.302302,0.535110,
-0.241649,0.534162,
-0.180984,0.533652,
-0.120452,0.533339,
-0.060142,0.533132,
-0.000000,0.533054,
0.060140,0.533135,
0.120449,0.533344,
0.180979,0.533657,
0.241642,0.534166,
0.302293,0.535113,
0.362871,0.536776,
0.423477,0.539278,
0.484294,0.542536,
0.545391,0.546444,
0.606688,0.551034,
0.668202,0.556259,
0.730118,0.561914,
0.792453,0.568082,
0.855011,0.575145,
0.917822,0.583189,
0.981046,0.592155,
1.044593,0.602285,
1.108393,0.613705,
1.172533,0.626392,
1.237008,0.640568,
1.301818,0.656469,
1.366926,0.674418,
1.432195,0.694870,
1.497719,0.717960,
1.563557,0.743917,
1.629393,0.773563,
1.695048,0.807610,
1.760637,0.846442,
1.825874,0.891006,
1.890310,0.942514,
-1.995237,0.804452,
-1.920534,0.757580,
-1.846465,0.717435,
-1.773208,0.682671,
-1.700771,0.652398,
-1.628931,0.626275,
-1.557811,0.603463,
-1.487512,0.583201,
-1.417828,0.565397,
-1.348718,0.549823,
-1.280267,0.536019,
-1.212439,0.523749,
-1.145218,0.512753,
-1.078510,0.502949,
-1.012240,0.494310,
-0.946496,0.486592,
-0.881225,0.479784,
-0.816327,0.473906,
-0.751910,0.468576,
-0.687965,0.463610,
-0.624296,0.459176,
-0.560891,0.455240,
-0.497899,0.451657,
-0.435285,0.448653,
-0.372835,0.446590,
-0.310405,0.445506,
-0.247998,0.445052,
-0.185691,0.444768,
-0.123578,0.444381,
-0.061705,0.443958,
-0.000004,0.443767,
0.061698,0.443957,
0.123571,0.444381,
0.185684,0.444767,
0.247991,0.445050,
0.310398,0.445504,
0.372825,0.446589,
0.435274,0.448651,
0.497888,0.451656,
0.560881,0.455240,
0.624285,0.459179,
0.687955,0.463615,
0.751901,0.468582,
0.816319,0.473915,
0.881216,0.479793,
0.946488,0.486599,
1.012233,0.494317,
1.078501,0.502952,
1.145210,0.512755,
1.212433,0.523752,
1.280266,0.536022,
1.348723,0.549827,
1.417839,0.565405,
1.487525,0.583210,
1.557821,0.603466,
1.628933,0.626267,
1.700769,0.652382,
1.773200,0.682657,
1.846449,0.717427,
1.920513,0.757583,
1.995213,0.804465,
-2.082276,0.656185,
-1.998496,0.615975,
-1.916721,0.581833,
-1.836847,0.552390,
-1.758641,0.526903,
-1.681791,0.505060,
-1.606287,0.486000,
-1.532011,0.469146,
-1.458707,0.454452,
-1.386335,0.441589,
-1.314883,0.430220,
-1.244324,0.420087,
-1.174578,0.411002,
-1.105485,0.403008,
-1.037053,0.395936,
-0.969284,0.389624,
-0.902033,0.384219,
-0.835339,0.379474,
-0.769265,0.375022,
-0.703599,0.371007,
-0.638220,0.367460,
-0.573287,0.364070,
-0.508822,0.360899,
-0.444595,0.358405,
-0.380487,0.356842,
-0.316579,0.356118,
-0.252921,0.355942,
-0.189459,0.355855,
-0.126154,0.355484,
-0.063017,0.354928,
-0.000007,0.354653,
0.063003,0.354927,
0.126142,0.355483,
0.189449,0.355853,
0.252913,0.355941,
0.316571,0.356117,
0.380479,0.356840,
0.444587,0.358404,
0.508814,0.360898,
0.573278,0.364069,
0.638211,0.367461,
0.703589,0.371011,
0.769255,0.375029,
0.835330,0.379483,
0.902027,0.384229,
0.969278,0.389637,
1.037046,0.395947,
1.105478,0.403018,
1.174571,0.411009,
1.244317,0.420091,
1.314878,0.430220,
1.386335,0.441591,
1.458709,0.454454,
1.532009,0.469143,
1.606282,0.485990,
1.681783,0.505044,
1.758630,0.526877,
1.836832,0.552368,
1.916705,0.581824,
1.998476,0.615980,
2.082253,0.656198,
-2.150772,0.499572,
-2.059479,0.467795,
-1.971430,0.440997,
-1.886201,0.417936,
-1.803367,0.398056,
-1.722559,0.381105,
-1.643589,0.366319,
-1.566167,0.353301,
-1.490034,0.342014,
-1.415114,0.332150,
-1.341350,0.323442,
-1.268664,0.315647,
-1.196927,0.308707,
-1.126025,0.302629,
-1.055939,0.297181,
-0.986564,0.292430,
-0.917839,0.288424,
-0.849838,0.284752,
-0.782434,0.281370,
-0.715417,0.278469,
-0.648861,0.275685,
-0.582861,0.272818,
-0.517180,0.270376,
-0.451585,0.268670,
-0.386187,0.267497,
-0.321207,0.266813,
-0.256638,0.266715,
-0.192310,0.266849,
-0.128108,0.266643,
-0.064017,0.266092,
-0.000011,0.265787,
0.063997,0.266092,
0.128090,0.266643,
0.192294,0.266849,
0.256626,0.266716,
0.321198,0.266814,
0.386180,0.267499,
0.451580,0.268671,
0.517174,0.270376,
0.582854,0.272818,
0.648852,0.275685,
0.715407,0.278471,
0.782425,0.281375,
0.849831,0.284759,
0.917833,0.288433,
0.986558,0.292441,
1.055934,0.297192,
1.126018,0.302640,
1.196918,0.308713,
1.268654,0.315650,
1.341341,0.323441,
1.415103,0.332146,
1.490020,0.342005,
1.566151,0.353291,
1.643567,0.366304,
1.722533,0.381083,
1.803342,0.398034,
1.886180,0.417919,
1.971413,0.440990,
2.059469,0.467803,
2.150760,0.499594,
-2.200137,0.336599,
-2.103239,0.314640,
-2.010561,0.296219,
-1.921398,0.280373,
-1.835188,0.266744,
-1.751509,0.255156,
-1.670022,0.245058,
-1.590336,0.236205,
-1.512179,0.228537,
-1.435430,0.221855,
-1.360005,0.215968,
-1.285795,0.210684,
-1.212640,0.206015,
-1.140448,0.201915,
-1.069164,0.198225,
-0.998681,0.195084,
-0.928969,0.192388,
-0.860003,0.189851,
-0.791617,0.187685,
-0.723742,0.185849,
-0.656442,0.183776,
-0.589601,0.181626,
-0.522965,0.180133,
-0.456480,0.179224,
-0.390309,0.178339,
-0.324568,0.177623,
-0.259227,0.177539,
-0.194196,0.177834,
-0.129377,0.177816,
-0.064673,0.177382,
-0.000011,0.177111,
0.064651,0.177383,
0.129357,0.177818,
0.194178,0.177836,
0.259212,0.177542,
0.324557,0.177628,
0.390301,0.178344,
0.456473,0.179228,
0.522958,0.180137,
0.589592,0.181629,
0.656431,0.183778,
0.723730,0.185851,
0.791607,0.187686,
0.859994,0.189852,
0.928961,0.192390,
0.998673,0.195088,
1.069156,0.198231,
1.140438,0.201919,
1.212628,0.206018,
1.285780,0.210684,
1.359987,0.215963,
1.435410,0.221847,
1.512157,0.228527,
1.590310,0.236190,
1.669993,0.245040,
1.751479,0.255139,
1.835158,0.266729,
1.921375,0.280365,
2.010550,0.296221,
2.103237,0.314654,
2.200142,0.336630,
-2.229934,0.169359,
-2.129577,0.158151,
-2.034064,0.148782,
-1.942496,0.140723,
-1.854230,0.133794,
-1.768810,0.127910,
-1.685800,0.122782,
-1.604752,0.118297,
-1.525377,0.114415,
-1.447533,0.111040,
-1.371109,0.108068,
-1.295964,0.105404,
-1.221953,0.103069,
-1.148988,0.101003,
-1.076987,0.099148,
-1.005875,0.097594,
-0.935585,0.096215,
-0.865990,0.094914,
-0.797031,0.093899,
-0.728742,0.093014,
-0.660996,0.091851,
-0.593533,0.090688,
-0.526301,0.090048,
-0.459429,0.089702,
-0.392923,0.089184,
-0.326676,0.088685,
-0.260725,0.088631,
-0.195193,0.088878,
-0.130032,0.088931,
-0.065023,0.088690,
-0.000009,0.088528,
0.065004,0.088690,
0.130014,0.088931,
0.195176,0.088879,
0.260710,0.088633,
0.326663,0.088688,
0.392912,0.089189,
0.459420,0.089708,
0.526290,0.090055,
0.593521,0.090694,
0.660983,0.091854,
0.728727,0.093015,
0.797015,0.093897,
0.865974,0.094909,
0.935570,0.096210,
1.005860,0.097588,
1.076972,0.099143,
1.148975,0.100999,
1.221938,0.103065,
1.295946,0.105398,
1.371088,0.108063,
1.447507,0.111034,
1.525349,0.114407,
1.604725,0.118286,
1.685774,0.122768,
1.768788,0.127898,
1.854213,0.133788,
1.942485,0.140725,
2.034063,0.148791,
2.129588,0.158168,
2.229954,0.169387,
-2.239906,-0.000011,
-2.138370,-0.000008,
-2.041900,0.000005,
-1.949517,0.000018,
-1.860562,0.000024,
-1.774561,0.000019,
-1.691040,0.000007,
-1.609544,-0.000007,
-1.529764,-0.000017,
-1.451552,-0.000020,
-1.374796,-0.000017,
-1.299336,-0.000011,
-1.225038,-0.000003,
-1.151810,0.000003,
-1.079573,0.000005,
-1.008265,0.000005,
-0.937776,0.000003,
-0.867959,0.000001,
-0.798822,-0.000001,
-0.730420,-0.000004,
-0.662516,-0.000007,
-0.594814,-0.000009,
-0.527383,-0.000012,
-0.460427,-0.000014,
-0.393838,-0.000016,
-0.327403,-0.000018,
-0.261208,-0.000019,
-0.195490,-0.000021,
-0.130223,-0.000024,
-0.065127,-0.000026,
-0.000005,-0.000027,
0.065116,-0.000028,
0.130211,-0.000027,
0.195477,-0.000025,
0.261194,-0.000022,
0.327388,-0.000019,
0.393823,-0.000015,
0.460411,-0.000010,
0.527367,-0.000006,
0.594798,-0.000003,
0.662499,-0.000002,
0.730400,-0.000003,
0.798799,-0.000005,
0.867934,-0.000007,
0.937749,-0.000008,
1.008240,-0.000008,
1.079552,-0.000009,
1.151793,-0.000011,
1.225023,-0.000015,
1.299321,-0.000019,
1.374776,-0.000024,
1.451527,-0.000024,
1.529734,-0.000020,
1.609514,-0.000010,
1.691018,0.000004,
1.774550,0.000017,
1.860562,0.000025,
1.949526,0.000024,
2.041915,0.000014,
2.138392,0.000003,
2.239931,0.000000,
-2.229960,-0.169375,
-2.129585,-0.158161,
-2.034055,-0.148770,
-1.942476,-0.140689,
-1.854209,-0.133750,
-1.768793,-0.127874,
-1.685788,-0.122766,
-1.604745,-0.118304,
-1.525373,-0.114440,
-1.447532,-0.111070,
-1.371111,-0.108094,
-1.295966,-0.105419,
-1.221954,-0.103074,
-1.148986,-0.100999,
-1.076983,-0.099142,
-1.005872,-0.097588,
-0.935583,-0.096212,
-0.865990,-0.094914,
-0.797034,-0.093904,
-0.728746,-0.093022,
-0.661001,-0.091863,
-0.593538,-0.090706,
-0.526305,-0.090070,
-0.459433,-0.089729,
-0.392925,-0.089215,
-0.326676,-0.088718,
-0.260722,-0.088667,
-0.195188,-0.088918,
-0.130025,-0.088975,
-0.065015,-0.088738,
-0.000001,-0.088578,
0.065012,-0.088741,
0.130021,-0.088981,
0.195180,-0.088926,
0.260710,-0.088676,
0.326660,-0.088725,
0.392906,-0.089219,
0.459413,-0.089731,
0.526285,-0.090069,
0.593517,-0.090703,
0.660979,-0.091861,
0.728722,-0.093022,
0.797005,-0.093908,
0.865957,-0.094923,
0.935547,-0.096225,
1.005837,-0.097603,
1.076955,-0.099159,
1.148966,-0.101017,
1.221939,-0.103089,
1.295954,-0.105431,
1.371096,-0.108102,
1.447510,-0.111074,
1.525345,-0.114441,
1.604717,-0.118302,
1.685766,-0.122760,
1.768785,-0.127866,
1.854216,-0.133741,
1.942495,-0.140681,
2.034079,-0.148765,
2.129609,-0.158164,
2.229982,-0.169389,
-2.200176,-0.336598,
-2.103254,-0.314637,
-2.010547,-0.296204,
-1.921368,-0.280343,
-1.835153,-0.266706,
-1.751476,-0.255124,
-1.669996,-0.245040,
-1.590320,-0.236200,
-1.512174,-0.228541,
-1.435435,-0.221863,
-1.360015,-0.215974,
-1.285805,-0.210688,
-1.212648,-0.206018,
-1.140452,-0.201918,
-1.069164,-0.198228,
-0.998679,-0.195087,
-0.928969,-0.192392,
-0.860004,-0.189855,
-0.791620,-0.187690,
-0.723747,-0.185858,
-0.656447,-0.183787,
-0.589607,-0.181641,
-0.522970,-0.180152,
-0.456483,-0.179246,
-0.390310,-0.178364,
-0.324565,-0.177650,
-0.259220,-0.177568,
-0.194187,-0.177865,
-0.129366,-0.177850,
-0.064661,-0.177418,
0.000002,-0.177149,
0.064663,-0.177421,
0.129366,-0.177856,
0.194183,-0.177874,
0.259211,-0.177579,
0.324551,-0.177662,
0.390290,-0.178376,
0.456461,-0.179256,
0.522945,-0.180160,
0.589583,-0.181647,
0.656422,-0.183792,
0.723719,-0.185862,
0.791591,-0.187697,
0.859971,-0.189864,
0.928932,-0.192403,
0.998643,-0.195100,
1.069131,-0.198243,
1.140425,-0.201931,
1.212629,-0.206031,
1.285791,-0.210699,
1.360000,-0.215982,
1.435416,-0.221866,
1.512150,-0.228540,
1.590295,-0.236196,
1.669976,-0.245030,
1.751466,-0.255111,
1.835154,-0.266692,
1.921380,-0.280332,
2.010565,-0.296200,
2.103270,-0.314649,
2.200186,-0.336632,
-2.150814,-0.499554,
-2.059496,-0.467780,
-1.971418,-0.440978,
-1.886166,-0.417907,
-1.803322,-0.398024,
-1.722514,-0.381077,
-1.643552,-0.366297,
-1.566149,-0.353287,
-1.490036,-0.342001,
-1.415131,-0.332137,
-1.341376,-0.323432,
-1.268692,-0.315646,
-1.196950,-0.308711,
-1.126039,-0.302638,
-1.055947,-0.297192,
-0.986568,-0.292441,
-0.917842,-0.288432,
-0.849840,-0.284759,
-0.782435,-0.281377,
-0.715417,-0.278477,
-0.648862,-0.275694,
-0.582861,-0.272831,
-0.517181,-0.270391,
-0.451584,-0.268687,
-0.386184,-0.267516,
-0.321202,-0.266833,
-0.256630,-0.266736,
-0.192299,-0.266871,
-0.128095,-0.266665,
-0.064004,-0.266114,
0.000002,-0.265809,
0.064007,-0.266116,
0.128097,-0.266668,
0.192297,-0.266877,
0.256624,-0.266746,
0.321190,-0.266847,
0.386167,-0.267532,
0.451562,-0.268706,
0.517155,-0.270409,
0.582834,-0.272845,
0.648836,-0.275708,
0.715393,-0.278488,
0.782411,-0.281386,
0.849814,-0.284768,
0.917815,-0.288443,
0.986539,-0.292451,
1.055918,-0.297203,
1.126011,-0.302647,
1.196923,-0.308718,
1.268669,-0.315648,
1.341357,-0.323434,
1.415112,-0.332136,
1.490015,-0.341997,
1.566128,-0.353278,
1.643535,-0.366288,
1.722502,-0.381067,
1.803318,-0.398014,
1.886170,-0.417896,
1.971425,-0.440975,
2.059498,-0.467792,
2.150806,-0.499591,
-2.082315,-0.656166,
-1.998516,-0.615953,
-1.916717,-0.581806,
-1.836817,-0.552361,
-1.758593,-0.526874,
-1.681743,-0.505041,
-1.606256,-0.485986,
-1.532003,-0.469132,
-1.458723,-0.454435,
-1.386370,-0.441576,
-1.314929,-0.430213,
-1.244368,-0.420085,
-1.174611,-0.411008,
-1.105509,-0.403020,
-1.037068,-0.395949,
-0.969293,-0.389636,
-0.902037,-0.384229,
-0.835339,-0.379482,
-0.769261,-0.375029,
-0.703592,-0.371015,
-0.638211,-0.367469,
-0.573278,-0.364081,
-0.508813,-0.360912,
-0.444587,-0.358420,
-0.380480,-0.356856,
-0.316572,-0.356133,
-0.252914,-0.355957,
-0.189451,-0.355868,
-0.126145,-0.355496,
-0.063008,-0.354938,
-0.000000,-0.354663,
0.063007,-0.354938,
0.126143,-0.355497,
0.189447,-0.355871,
0.252909,-0.355964,
0.316563,-0.356146,
0.380466,-0.356874,
0.444568,-0.358442,
0.508790,-0.360935,
0.573254,-0.364106,
0.638188,-0.367489,
0.703573,-0.371033,
0.769247,-0.375045,
0.835326,-0.379495,
0.902024,-0.384238,
0.969276,-0.389645,
1.037049,-0.395956,
1.105486,-0.403025,
1.174585,-0.411008,
1.244340,-0.420080,
1.314902,-0.430203,
1.386348,-0.441562,
1.458703,-0.454424,
1.531987,-0.469118,
1.606241,-0.485975,
1.681733,-0.505030,
1.758588,-0.526870,
1.836815,-0.552359,
1.916713,-0.581810,
1.998508,-0.615966,
2.082296,-0.656188,
-1.995254,-0.804453,
-1.920560,-0.757560,
-1.846476,-0.717404,
-1.773197,-0.682641,
-1.700745,-0.652386,
-1.628904,-0.626274,
-1.557798,-0.603461,
-1.487521,-0.583201,
-1.417862,-0.565401,
-1.348766,-0.549823,
-1.280314,-0.536019,
-1.212478,-0.523749,
-1.145249,-0.512757,
-1.078534,-0.502955,
-1.012258,-0.494319,
-0.946509,-0.486600,
-0.881230,-0.479794,
-0.816326,-0.473916,
-0.751902,-0.468587,
-0.687953,-0.463621,
-0.624281,-0.459188,
-0.560874,-0.455251,
-0.497882,-0.451670,
-0.435271,-0.448666,
-0.372825,-0.446605,
-0.310399,-0.445519,
-0.247995,-0.445063,
-0.185690,-0.444778,
-0.123578,-0.444390,
-0.061706,-0.443964,
-0.000005,-0.443772,
0.061697,-0.443963,
0.123570,-0.444389,
0.185682,-0.444780,
0.247988,-0.445068,
0.310392,-0.445530,
0.372816,-0.446619,
0.435259,-0.448687,
0.497867,-0.451693,
0.560857,-0.455276,
0.624264,-0.459213,
0.687938,-0.463644,
0.751892,-0.468605,
0.816323,-0.473932,
0.881230,-0.479806,
0.946506,-0.486609,
1.012251,-0.494321,
1.078521,-0.502955,
1.145232,-0.512752,
1.212456,-0.523741,
1.280292,-0.536003,
1.348744,-0.549805,
1.417845,-0.565378,
1.487510,-0.583182,
1.557788,-0.603446,
1.628896,-0.626258,
1.700735,-0.652379,
1.773183,-0.682647,
1.846459,-0.717418,
1.920542,-0.757577,
1.995246,-0.804458,
-1.890313,-0.942514,
-1.825891,-0.890985,
-1.760669,-0.846419,
-1.695077,-0.807603,
-1.629408,-0.773564,
-1.563564,-0.743918,
-1.497727,-0.717972,
-1.432218,-0.694886,
-1.366958,-0.674424,
-1.301851,-0.656469,
-1.237038,-0.640568,
-1.172560,-0.626393,
-1.108417,-0.613707,
-1.044618,-0.602288,
-0.981072,-0.592159,
-0.917844,-0.583195,
-0.855024,-0.575152,
-0.792459,-0.568091,
-0.730118,-0.561926,
-0.668197,-0.556271,
-0.606682,-0.551045,
-0.545387,-0.546456,
-0.484292,-0.542548,
-0.423477,-0.539291,
-0.362873,-0.536789,
-0.302297,-0.535126,
-0.241649,-0.534177,
-0.180991,-0.533668,
-0.120465,-0.533353,
-0.060156,-0.533143,
-0.000011,-0.533064,
0.060136,-0.533142,
0.120449,-0.533354,
0.180979,-0.533672,
0.241642,-0.534181,
0.302293,-0.535133,
0.362870,-0.536799,
0.423475,-0.539304,
0.484287,-0.542569,
0.545377,-0.546478,
0.606670,-0.551071,
0.668189,-0.556293,
0.730113,-0.561946,
0.792458,-0.568105,
0.855027,-0.575162,
0.917848,-0.583201,
0.981077,-0.592159,
1.044617,-0.602285,
1.108408,-0.613700,
1.172548,-0.626380,
1.237026,-0.640555,
1.301840,-0.656456,
1.366952,-0.674407,
1.432212,-0.694867,
1.497724,-0.717955,
1.563558,-0.743905,
1.629391,-0.773561,
1.695050,-0.807606,
1.760644,-0.846427,
1.825874,-0.891002,
1.890319,-0.942517,
-1.768222,-1.068459,
-1.714790,-1.014563,
-1.659228,-0.967369,
-1.602142,-0.925911,
-1.544093,-0.889267,
-1.485135,-0.857041,
-1.425451,-0.828718,
-1.365484,-0.803534,
-1.305378,-0.781042,
-1.245007,-0.761128,
-1.184465,-0.743489,
-1.123949,-0.727679,
-1.063460,-0.713534,
-1.003112,-0.700815,
-0.942931,-0.689364,
-0.882806,-0.679241,
-0.822858,-0.670244,
-0.763166,-0.662167,
-0.703571,-0.655056,
-0.644102,-0.648771,
-0.584979,-0.643059,
-0.526202,-0.637946,
-0.467572,-0.633595,
-0.408985,-0.630040,
-0.350476,-0.627214,
-0.292046,-0.625074,
-0.233619,-0.623619,
-0.175155,-0.622794,
-0.116701,-0.622439,
-0.058321,-0.622345,
-0.000015,-0.622339,
0.058295,-0.622348,
0.116681,-0.622443,
0.175142,-0.622801,
0.233612,-0.623623,
0.292044,-0.625080,
0.350478,-0.627223,
0.408988,-0.630050,
0.467575,-0.633609,
0.526204,-0.637963,
0.584975,-0.643077,
0.644096,-0.648787,
0.703569,-0.655071,
0.763169,-0.662176,
0.822863,-0.670249,
0.882809,-0.679244,
0.942934,-0.689358,
1.003114,-0.700809,
1.063462,-0.713525,
1.123945,-0.727671,
1.184457,-0.743481,
1.245002,-0.761121,
1.305377,-0.781041,
1.365489,-0.803533,
1.425455,-0.828720,
1.485129,-0.857043,
1.544077,-0.889271,
1.602125,-0.925917,
1.659218,-0.967375,
1.714789,-1.014568,
1.768226,-1.068470,
-1.629795,-1.180454,
-1.587565,-1.126513,
-1.542090,-1.078636,
-1.494077,-1.036132,
-1.444265,-0.998292,
-1.392943,-0.964679,
-1.340226,-0.934949,
-1.286532,-0.908471,
-1.232225,-0.884640,
-1.177279,-0.863279,
-1.121678,-0.844267,
-1.065714,-0.827216,
-1.009559,-0.811909,
-0.953271,-0.798184,
-0.896975,-0.785820,
-0.840652,-0.774748,
-0.784215,-0.764881,
-0.727756,-0.756043,
-0.671393,-0.748154,
-0.615100,-0.741191,
-0.558879,-0.735066,
-0.502842,-0.729648,
-0.446998,-0.724913,
-0.391212,-0.720956,
-0.335396,-0.717801,
-0.279567,-0.715350,
-0.223739,-0.713548,
-0.167887,-0.712387,
-0.111985,-0.711778,
-0.056022,-0.711533,
-0.000015,-0.711475,
0.055996,-0.711535,
0.111967,-0.711784,
0.167877,-0.712396,
0.223733,-0.713556,
0.279562,-0.715359,
0.335395,-0.717811,
0.391218,-0.720964,
0.447008,-0.724918,
0.502852,-0.729656,
0.558885,-0.735075,
0.615099,-0.741195,
0.671390,-0.748156,
0.727758,-0.756043,
0.784223,-0.764880,
0.840661,-0.774748,
0.896978,-0.785815,
0.953267,-0.798176,
1.009552,-0.811902,
1.065711,-0.827211,
1.121680,-0.844262,
1.177274,-0.863281,
1.232213,-0.884648,
1.286529,-0.908480,
1.340228,-0.934966,
1.392949,-0.964702,
1.444278,-0.998311,
1.494093,-1.036144,
1.542097,-1.078646,
1.587552,-1.126523,
1.629760,-1.180463,
-1.475824,-1.276578,
-1.444525,-1.225035,
-1.409172,-1.178612,
-1.370527,-1.136902,
-1.329337,-1.099441,
-1.286120,-1.065795,
-1.240980,-1.035708,
-1.194199,-1.008734,
-1.146242,-0.984321,
-1.097297,-0.962208,
-1.047406,-0.942305,
-0.996720,-0.924540,
-0.945575,-0.908586,
-0.894111,-0.894170,
-0.842311,-0.881218,
-0.790264,-0.869502,
-0.737978,-0.858921,
-0.685439,-0.849566,
-0.632815,-0.841214,
-0.580188,-0.833675,
-0.527498,-0.827092,
-0.474799,-0.821438,
-0.422193,-0.816465,
-0.369637,-0.812167,
-0.317046,-0.808683,
-0.264394,-0.805965,
-0.211673,-0.803900,
-0.158883,-0.802439,
-0.106020,-0.801483,
-0.053058,-0.800915,
-0.000006,-0.800718,
0.053047,-0.800917,
0.106009,-0.801491,
0.158872,-0.802451,
0.211659,-0.803913,
0.264380,-0.805974,
0.317040,-0.808688,
0.369641,-0.812167,
0.422209,-0.816461,
0.474819,-0.821433,
0.527509,-0.827092,
0.580191,-0.833675,
0.632812,-0.841208,
0.685432,-0.849560,
0.737974,-0.858916,
0.790271,-0.869493,
0.842323,-0.881215,
0.894119,-0.894172,
0.945571,-0.908590,
0.996712,-0.924538,
1.047395,-0.942303,
1.097285,-0.962211,
1.146234,-0.984324,
1.194190,-1.008739,
1.240974,-1.035717,
1.286126,-1.065807,
1.329355,-1.099454,
1.370539,-1.136916,
1.409166,-1.178623,
1.444499,-1.225046,
1.475791,-1.276591,
-1.307193,-1.355353,
-1.285896,-1.308544,
-1.260179,-1.265709,
-1.230761,-1.226690,
-1.198312,-1.191194,
-1.163364,-1.158897,
-1.126133,-1.129569,
-1.086791,-1.103024,
-1.045737,-1.078975,
-1.003395,-1.057104,
-0.959962,-1.037244,
-0.915448,-1.019293,
-0.870043,-1.003044,
-0.823997,-0.988329,
-0.777340,-0.975080,
-0.730193,-0.963126,
-0.682714,-0.952331,
-0.634863,-0.942661,
-0.586679,-0.934004,
-0.538355,-0.926236,
-0.489906,-0.919350,
-0.441218,-0.913329,
-0.392366,-0.908137,
-0.343550,-0.903745,
-0.294794,-0.900051,
-0.245945,-0.896972,
-0.196910,-0.894572,
-0.147751,-0.892878,
-0.098549,-0.891707,
-0.049299,-0.890913,
0.000008,-0.890610,
0.049309,-0.890921,
0.098545,-0.891723,
0.147735,-0.892894,
0.196887,-0.894581,
0.245925,-0.896967,
0.294782,-0.900038,
0.343548,-0.903732,
0.392372,-0.908123,
0.441227,-0.913317,
0.489920,-0.919340,
0.538368,-0.926231,
0.586686,-0.934002,
0.634863,-0.942662,
0.682704,-0.952337,
0.730179,-0.963129,
0.777332,-0.975070,
0.823999,-0.988318,
0.870057,-1.003040,
0.915460,-1.019301,
0.959960,-1.037259,
1.003386,-1.057114,
1.045727,-1.078975,
1.086778,-1.103018,
1.126118,-1.129559,
1.163351,-1.158882,
1.198298,-1.191180,
1.230738,-1.226689,
1.260150,-1.265722,
1.285874,-1.308558,
1.307181,-1.355364,
-1.124185,-1.415189,
-1.111395,-1.375197,
-1.094267,-1.337898,
-1.073399,-1.303311,
-1.049380,-1.271376,
-1.022622,-1.242000,
-0.993458,-1.215029,
-0.962010,-1.190337,
-0.928498,-1.167752,
-0.893345,-1.147035,
-0.856821,-1.128009,
-0.819137,-1.110533,
-0.780295,-1.094628,
-0.740386,-1.080251,
-0.699735,-1.067188,
-0.658390,-1.055418,
-0.616409,-1.044857,
-0.574059,-1.035208,
-0.531329,-1.026404,
-0.488047,-1.018555,
-0.444340,-1.011622,
-0.400484,-1.005556,
-0.356519,-1.000332,
-0.312319,-0.995795,
-0.267879,-0.991800,
-0.223351,-0.988442,
-0.178832,-0.985878,
-0.134262,-0.984050,
-0.089566,-0.982743,
-0.044784,-0.981870,
0.000010,-0.981549,
0.044801,-0.981876,
0.089574,-0.982752,
0.134258,-0.984055,
0.178816,-0.985873,
0.223326,-0.988424,
0.267850,-0.991774,
0.312294,-0.995767,
0.356505,-1.000313,
0.400486,-1.005542,
0.444353,-1.011614,
0.488064,-1.018552,
0.531344,-1.026410,
0.574067,-1.035217,
0.616412,-1.044866,
0.658384,-1.055431,
0.699717,-1.067205,
0.740365,-1.080257,
0.780279,-1.094619,
0.819133,-1.110519,
0.856834,-1.128000,
0.893360,-1.147041,
0.928502,-1.167770,
0.962001,-1.190359,
0.993440,-1.215046,
1.022595,-1.242008,
1.049345,-1.271373,
1.073363,-1.303298,
1.094238,-1.337885,
1.111376,-1.375193,
1.124175,-1.415196,
-0.925475,-1.454292,
-0.919353,-1.422965,
-0.909420,-1.393141,
-0.896120,-1.364898,
-0.879819,-1.338306,
-0.860856,-1.313424,
-0.839466,-1.290270,
-0.815904,-1.268789,
-0.790317,-1.248881,
-0.762856,-1.230426,
-0.733879,-1.213274,
-0.703569,-1.197385,
-0.672039,-1.182766,
-0.639373,-1.169402,
-0.605644,-1.157257,
-0.571104,-1.146157,
-0.535859,-1.135972,
-0.499859,-1.126747,
-0.463255,-1.118399,
-0.426255,-1.110810,
-0.388792,-1.104029,
-0.350750,-1.098095,
-0.312278,-1.092869,
-0.273661,-1.088257,
-0.235008,-1.084341,
-0.196224,-1.081159,
-0.157212,-1.078555,
-0.117989,-1.076421,
-0.078653,-1.074866,
-0.039307,-1.073996,
0.000007,-1.073733,
0.039319,-1.073990,
0.078657,-1.074857,
0.117981,-1.076411,
0.157191,-1.078538,
0.196195,-1.081133,
0.234980,-1.084311,
0.273643,-1.088233,
0.312273,-1.092860,
0.350755,-1.098104,
0.388801,-1.104048,
0.426261,-1.110829,
0.463255,-1.118409,
0.499854,-1.126745,
0.535850,-1.135959,
0.571092,-1.146137,
0.605631,-1.157243,
0.639359,-1.169405,
0.672029,-1.182788,
0.703571,-1.197414,
0.733888,-1.213302,
0.762864,-1.230452,
0.790312,-1.248901,
0.815885,-1.268805,
0.839439,-1.290279,
0.860831,-1.313430,
0.879801,-1.338311,
0.896109,-1.364901,
0.909408,-1.393136,
0.919330,-1.422945,
0.925435,-1.454261,
-0.705541,-1.470907,
-0.703951,-1.449354,
-0.699567,-1.428383,
-0.692508,-1.408137,
-0.682917,-1.388707,
-0.670966,-1.370188,
-0.656888,-1.352556,
-0.640917,-1.335839,
-0.623285,-1.320037,
-0.604101,-1.305120,
-0.583370,-1.291197,
-0.561179,-1.278183,
-0.537740,-1.266047,
-0.513240,-1.254729,
-0.487757,-1.244141,
-0.461296,-1.234400,
-0.433878,-1.225439,
-0.405698,-1.217246,
-0.376825,-1.209709,
-0.347329,-1.202834,
-0.317310,-1.196571,
-0.286879,-1.190945,
-0.256030,-1.186023,
-0.224766,-1.181826,
-0.193165,-1.178227,
-0.161354,-1.175121,
-0.129397,-1.172534,
-0.097303,-1.170535,
-0.065040,-1.169097,
-0.032589,-1.168192,
0.000001,-1.167870,
0.032587,-1.168180,
0.065032,-1.169078,
0.097286,-1.170517,
0.129376,-1.172524,
0.161334,-1.175117,
0.193153,-1.178227,
0.224763,-1.181831,
0.256036,-1.186040,
0.286884,-1.190974,
0.317315,-1.196612,
0.347330,-1.202864,
0.376830,-1.209727,
0.405695,-1.217238,
0.433869,-1.225425,
0.461272,-1.234377,
0.487730,-1.244126,
0.513214,-1.254705,
0.537725,-1.266028,
0.561172,-1.278166,
0.583366,-1.291186,
0.604102,-1.305137,
0.623283,-1.320057,
0.640919,-1.335885,
0.656883,-1.352599,
0.670951,-1.370228,
0.682890,-1.388731,
0.692471,-1.408131,
0.699533,-1.428353,
0.703930,-1.449306,
0.705532,-1.470849,
-0.444215,-1.459743,
-0.444900,-1.448940,
-0.443933,-1.438147,
-0.441389,-1.427414,
-0.437352,-1.416758,
-0.431887,-1.406337,
-0.425049,-1.396071,
-0.416868,-1.386077,
-0.407400,-1.376425,
-0.396684,-1.366973,
-0.384857,-1.357989,
-0.371955,-1.349237,
-0.358038,-1.340870,
-0.343163,-1.332947,
-0.327341,-1.325284,
-0.310731,-1.318194,
-0.293307,-1.311362,
-0.275193,-1.305089,
-0.256383,-1.299205,
-0.237000,-1.293852,
-0.217076,-1.288965,
-0.196700,-1.284585,
-0.175926,-1.280652,
-0.154831,-1.277173,
-0.133422,-1.274132,
-0.111723,-1.271558,
-0.089738,-1.269433,
-0.067516,-1.267758,
-0.045103,-1.266543,
-0.022572,-1.265816,
0.000008,-1.265578,
0.022585,-1.265828,
0.045112,-1.266569,
0.067517,-1.267794,
0.089732,-1.269476,
0.111708,-1.271599,
0.133403,-1.274167,
0.154805,-1.277189,
0.175905,-1.280650,
0.196681,-1.284553,
0.217071,-1.288923,
0.236992,-1.293781,
0.256389,-1.299155,
0.275191,-1.305017,
0.293314,-1.311325,
0.310728,-1.318140,
0.327340,-1.325278,
0.343144,-1.332932,
0.358012,-1.340895,
0.371918,-1.349274,
0.384819,-1.358021,
0.396659,-1.367048,
0.407385,-1.376452,
0.416878,-1.386135,
0.425073,-1.396088,
0.431922,-1.406348,
0.437384,-1.416760,
0.441405,-1.427385,
0.443922,-1.438105,
0.444859,-1.448887,
0.444155,-1.459679,
0.000001,-1.385604,
0,0,1,2,
0,0,2,3,
0,0,3,4,
0,0,4,5,
0,0,5,6,
0,0,6,7,
0,0,7,8,
0,0,8,9,
0,0,9,10,
0,0,10,11,
0,0,11,12,
0,0,12,13,
0,0,13,14,
0,0,14,15,
0,0,15,16,
0,0,16,17,
0,0,17,18,
0,0,18,19,
0,0,19,20,
0,0,20,21,
0,0,21,22,
0,0,22,23,
0,0,23,24,
0,0,24,25,
0,0,25,26,
0,0,26,27,
0,0,27,28,
0,0,28,29,
0,0,29,30,
0,0,30,31,
0,0,31,32,
0,0,32,33,
0,0,33,34,
0,0,34,35,
0,0,35,36,
0,0,36,37,
0,0,37,38,
0,0,38,39,
0,0,39,40,
0,0,40,41,
0,0,41,42,
0,0,42,43,
0,0,43,44,
0,0,44,45,
0,0,45,46,
0,0,46,47,
0,0,47,48,
0,0,48,49,
0,0,49,50,
0,0,50,51,
0,0,51,52,
0,0,52,53,
0,0,53,54,
0,0,54,55,
0,0,55,56,
0,0,56,57,
0,0,57,58,
0,0,58,59,
0,0,59,60,
0,0,60,61,
2,1,62,63,
3,2,63,64,
4,3,64,65,
5,4,65,66,
6,5,66,67,
7,6,67,68,
8,7,68,69,
9,8,69,70,
10,9,70,71,
11,10,71,72,
12,11,72,73,
13,12,73,74,
14,13,74,75,
15,14,75,76,
16,15,76,77,
17,16,77,78,
18,17,78,79,
19,18,79,80,
20,19,80,81,
21,20,81,82,
22,21,82,83,
23,22,83,84,
24,23,84,85,
25,24,85,86,
26,25,86,87,
27,26,87,88,
28,27,88,89,
29,28,89,90,
30,29,90,91,
31,30,91,92,
32,31,92,93,
33,32,93,94,
34,33,94,95,
35,34,95,96,
36,35,96,97,
37,36,97,98,
38,37,98,99,
39,38,99,100,
40,39,100,101,
41,40,101,102,
42,41,102,103,
43,42,103,104,
44,43,104,105,
45,44,105,106,
46,45,106,107,
47,46,107,108,
48,47,108,109,
49,48,109,110,
50,49,110,111,
51,50,111,112,
52,51,112,113,
53,52,113,114,
54,53,114,115,
55,54,115,116,
56,55,116,117,
57,56,117,118,
58,57,118,119,
59,58,119,120,
60,59,120,121,
61,60,121,122,
63,62,123,124,
64,63,124,125,
65,64,125,126,
66,65,126,127,
67,66,127,128,
68,67,128,129,
69,68,129,130,
70,69,130,131,
71,70,131,132,
72,71,132,133,
73,72,133,134,
74,73,134,135,
75,74,135,136,
76,75,136,137,
77,76,137,138,
78,77,138,139,
79,78,139,140,
80,79,140,141,
81,80,141,142,
82,81,142,143,
83,82,143,144,
84,83,144,145,
85,84,145,146,
86,85,146,147,
87,86,147,148,
88,87,148,149,
89,88,149,150,
90,89,150,151,
91,90,151,152,
92,91,152,153,
93,92,153,154,
94,93,154,155,
95,94,155,156,
96,95,156,157,
97,96,157,158,
98,97,158,159,
99,98,159,160,
100,99,160,161,
101,100,161,162,
102,101,162,163,
103,102,163,164,
104,103,164,165,
105,104,165,166,
106,105,166,167,
107,106,167,168,
108,107,168,169,
109,108,169,170,
110,109,170,171,
111,110,171,172,
112,111,172,173,
113,112,173,174,
114,113,174,175,
115,114,175,176,
116,115,176,177,
117,116,177,178,
118,117,178,179,
119,118,179,180,
120,119,180,181,
121,120,181,182,
122,121,182,183,
124,123,184,185,
125,124,185,186,
126,125,186,187,
127,126,187,188,
128,127,188,189,
129,128,189,190,
130,129,190,191,
131,130,191,192,
132,131,192,193,
133,132,193,194,
134,133,194,195,
135,134,195,196,
136,135,196,197,
137,136,197,198,
138,137,198,199,
139,138,199,200,
140,139,200,201,
141,140,201,202,
142,141,202,203,
143,142,203,204,
144,143,204,205,
145,144,205,206,
146,145,206,207,
147,146,207,208,
148,147,208,209,
149,148,209,210,
150,149,210,211,
151,150,211,212,
152,151,212,213,
153,152,213,214,
154,153,214,215,
155,154,215,216,
156,155,216,217,
157,156,217,218,
158,157,218,219,
159,158,219,220,
160,159,220,221,
161,160,221,222,
162,161,222,223,
163,162,223,224,
164,163,224,225,
165,164,225,226,
166,165,226,227,
167,166,227,228,
168,167,228,229,
169,168,229,230,
170,169,230,231,
171,170,231,232,
172,171,232,233,
173,172,233,234,
174,173,234,235,
175,174,235,236,
176,175,236,237,
177,176,237,238,
178,177,238,239,
179,178,239,240,
180,179,240,241,
181,180,241,242,
182,181,242,243,
183,182,243,244,
185,184,245,246,
186,185,246,247,
187,186,247,248,
188,187,248,249,
189,188,249,250,
190,189,250,251,
191,190,251,252,
192,191,252,253,
193,192,253,254,
194,193,254,255,
195,194,255,256,
196,195,256,257,
197,196,257,258,
198,197,258,259,
199,198,259,260,
200,199,260,261,
201,200,261,262,
202,201,262,263,
203,202,263,264,
204,203,264,265,
205,204,265,266,
206,205,266,267,
207,206,267,268,
208,207,268,269,
209,208,269,270,
210,209,270,271,
211,210,271,272,
212,211,272,273,
213,212,273,274,
214,213,274,275,
215,214,275,276,
216,215,276,277,
217,216,277,278,
218,217,278,279,
219,218,279,280,
220,219,280,281,
221,220,281,282,
222,221,282,283,
223,222,283,284,
224,223,284,285,
225,224,285,286,
226,225,286,287,
227,226,287,288,
228,227,288,289,
229,228,289,290,
230,229,290,291,
231,230,291,292,
232,231,292,293,
233,232,293,294,
234,233,294,295,
235,234,295,296,
236,235,296,297,
237,236,297,298,
238,237,298,299,
239,238,299,300,
240,239,300,301,
241,240,301,302,
242,241,302,303,
243,242,303,304,
244,243,304,305,
246,245,306,307,
247,246,307,308,
248,247,308,309,
249,248,309,310,
250,249,310,311,
251,250,311,312,
252,251,312,313,
253,252,313,314,
254,253,314,315,
255,254,315,316,
256,255,316,317,
257,256,317,318,
258,257,318,319,
259,258,319,320,
260,259,320,321,
261,260,321,322,
262,261,322,323,
263,262,323,324,
264,263,324,325,
265,264,325,326,
266,265,326,327,
267,266,327,328,
268,267,328,329,
269,268,329,330,
270,269,330,331,
271,270,331,332,
272,271,332,333,
273,272,333,334,
274,273,334,335,
275,274,335,336,
276,275,336,337,
277,276,337,338,
278,277,338,339,
279,278,339,340,
280,279,340,341,
281,280,341,342,
282,281,342,343,
283,282,343,344,
284,283,344,345,
285,284,345,346,
286,285,346,347,
287,286,347,348,
288,287,348,349,
289,288,349,350,
290,289,350,351,
291,290,351,352,
292,291,352,353,
293,292,353,354,
294,293,354,355,
295,294,355,356,
296,295,356,357,
297,296,357,358,
298,297,358,359,
299,298,359,360,
300,299,360,361,
301,300,361,362,
302,301,362,363,
303,302,363,364,
304,303,364,365,
305,304,365,366,
307,306,367,368,
308,307,368,369,
309,308,369,370,
310,309,370,371,
311,310,371,372,
312,311,372,373,
313,312,373,374,
314,313,374,375,
315,314,375,376,
316,315,376,377,
317,316,377,378,
318,317,378,379,
319,318,379,380,
320,319,380,381,
321,320,381,382,
322,321,382,383,
323,322,383,384,
324,323,384,385,
325,324,385,386,
326,325,386,387,
327,326,387,388,
328,327,388,389,
329,328,389,390,
330,329,390,391,
331,330,391,392,
332,331,392,393,
333,332,393,394,
334,333,394,395,
335,334,395,396,
336,335,396,397,
337,336,397,398,
338,337,398,399,
339,338,399,400,
340,339,400,401,
341,340,401,402,
342,341,402,403,
343,342,403,404,
344,343,404,405,
345,344,405,406,
346,345,406,407,
347,346,407,408,
348,347,408,409,
349,348,409,410,
350,349,410,411,
351,350,411,412,
352,351,412,413,
353,352,413,414,
354,353,414,415,
355,354,415,416,
356,355,416,417,
357,356,417,418,
358,357,418,419,
359,358,419,420,
360,359,420,421,
361,360,421,422,
362,361,422,423,
363,362,423,424,
364,363,424,425,
365,364,425,426,
366,365,426,427,
368,367,428,429,
369,368,429,430,
370,369,430,431,
371,370,431,432,
372,371,432,433,
373,372,433,434,
374,373,434,435,
375,374,435,436,
376,375,436,437,
377,376,437,438,
378,377,438,439,
379,378,439,440,
380,379,440,441,
381,380,441,442,
382,381,442,443,
383,382,443,444,
384,383,444,445,
385,384,445,446,
386,385,446,447,
387,386,447,448,
388,387,448,449,
389,388,449,450,
390,389,450,451,
391,390,451,452,
392,391,452,453,
393,392,453,454,
394,393,454,455,
395,394,455,456,
396,395,456,457,
397,396,457,458,
398,397,458,459,
399,398,459,460,
400,399,460,461,
401,400,461,462,
402,401,462,463,
403,402,463,464,
404,403,464,465,
405,404,465,466,
406,405,466,467,
407,406,467,468,
408,407,468,469,
409,408,469,470,
410,409,470,471,
411,410,471,472,
412,411,472,473,
413,412,473,474,
414,413,474,475,
415,414,475,476,
416,415,476,477,
417,416,477,478,
418,417,478,479,
419,418,479,480,
420,419,480,481,
421,420,481,482,
422,421,482,483,
423,422,483,484,
424,423,484,485,
425,424,485,486,
426,425,486,487,
427,426,487,488,
429,428,489,490,
430,429,490,491,
431,430,491,492,
432,431,492,493,
433,432,493,494,
434,433,494,495,
435,434,495,496,
436,435,496,497,
437,436,497,498,
438,437,498,499,
439,438,499,500,
440,439,500,501,
441,440,501,502,
442,441,502,503,
443,442,503,504,
444,443,504,505,
445,444,505,506,
446,445,506,507,
447,446,507,508,
448,447,508,509,
449,448,509,510,
450,449,510,511,
451,450,511,512,
452,451,512,513,
453,452,513,514,
454,453,514,515,
455,454,515,516,
456,455,516,517,
457,456,517,518,
458,457,518,519,
459,458,519,520,
460,459,520,521,
461,460,521,522,
462,461,522,523,
463,462,523,524,
464,463,524,525,
465,464,525,526,
466,465,526,527,
467,466,527,528,
468,467,528,529,
469,468,529,530,
470,469,530,531,
471,470,531,532,
472,471,532,533,
473,472,533,534,
474,473,534,535,
475,474,535,536,
476,475,536,537,
477,476,537,538,
478,477,538,539,
479,478,539,540,
480,479,540,541,
481,480,541,542,
482,481,542,543,
483,482,543,544,
484,483,544,545,
485,484,545,546,
486,485,546,547,
487,486,547,548,
488,487,548,549,
490,489,550,551,
491,490,551,552,
492,491,552,553,
493,492,553,554,
494,493,554,555,
495,494,555,556,
496,495,556,557,
497,496,557,558,
498,497,558,559,
499,498,559,560,
500,499,560,561,
501,500,561,562,
502,501,562,563,
503,502,563,564,
504,503,564,565,
505,504,565,566,
506,505,566,567,
507,506,567,568,
508,507,568,569,
509,508,569,570,
510,509,570,571,
511,510,571,572,
512,511,572,573,
513,512,573,574,
514,513,574,575,
515,514,575,576,
516,515,576,577,
517,516,577,578,
518,517,578,579,
519,518,579,580,
520,519,580,581,
521,520,581,582,
522,521,582,583,
523,522,583,584,
524,523,584,585,
525,524,585,586,
526,525,586,587,
527,526,587,588,
528,527,588,589,
529,528,589,590,
530,529,590,591,
531,530,591,592,
532,531,592,593,
533,532,593,594,
534,533,594,595,
535,534,595,596,
536,535,596,597,
537,536,597,598,
538,537,598,599,
539,538,599,600,
540,539,600,601,
541,540,601,602,
542,541,602,603,
543,542,603,604,
544,543,604,605,
545,544,605,606,
546,545,606,607,
547,546,607,608,
548,547,608,609,
549,548,609,610,
551,550,611,612,
552,551,612,613,
553,552,613,614,
554,553,614,615,
555,554,615,616,
556,555,616,617,
557,556,617,618,
558,557,618,619,
559,558,619,620,
560,559,620,621,
561,560,621,622,
562,561,622,623,
563,562,623,624,
564,563,624,625,
565,564,625,626,
566,565,626,627,
567,566,627,628,
568,567,628,629,
569,568,629,630,
570,569,630,631,
571,570,631,632,
572,571,632,633,
573,572,633,634,
574,573,634,635,
575,574,635,636,
576,575,636,637,
577,576,637,638,
578,577,638,639,
579,578,639,640,
580,579,640,641,
581,580,641,642,
582,581,642,643,
583,582,643,644,
584,583,644,645,
585,584,645,646,
586,585,646,647,
587,586,647,648,
588,587,648,649,
589,588,649,650,
590,589,650,651,
591,590,651,652,
592,591,652,653,
593,592,653,654,
594,593,654,655,
595,594,655,656,
596,595,656,657,
597,596,657,658,
598,597,658,659,
599,598,659,660,
600,599,660,661,
601,600,661,662,
602,601,662,663,
603,602,663,664,
604,603,664,665,
605,604,665,666,
606,605,666,667,
607,606,667,668,
608,607,668,669,
609,608,669,670,
610,609,670,671,
612,611,672,673,
613,612,673,674,
614,613,674,675,
615,614,675,676,
616,615,676,677,
617,616,677,678,
618,617,678,679,
619,618,679,680,
620,619,680,681,
621,620,681,682,
622,621,682,683,
623,622,683,684,
624,623,684,685,
625,624,685,686,
626,625,686,687,
627,626,687,688,
628,627,688,689,
629,628,689,690,
630,629,690,691,
631,630,691,692,
632,631,692,693,
633,632,693,694,
634,633,694,695,
635,634,695,696,
636,635,696,697,
637,636,697,698,
638,637,698,699,
639,638,699,700,
640,639,700,701,
641,640,701,702,
642,641,702,703,
643,642,703,704,
644,643,704,705,
645,644,705,706,
646,645,706,707,
647,646,707,708,
648,647,708,709,
649,648,709,710,
650,649,710,711,
651,650,711,712,
652,651,712,713,
653,652,713,714,
654,653,714,715,
655,654,715,716,
656,655,716,717,
657,656,717,718,
658,657,718,719,
659,658,719,720,
660,659,720,721,
661,660,721,722,
662,661,722,723,
663,662,723,724,
664,663,724,725,
665,664,725,726,
666,665,726,727,
667,666,727,728,
668,667,728,729,
669,668,729,730,
670,669,730,731,
671,670,731,732,
673,672,733,734,
674,673,734,735,
675,674,735,736,
676,675,736,737,
677,676,737,738,
678,677,738,739,
679,678,739,740,
680,679,740,741,
681,680,741,742,
682,681,742,743,
683,682,743,744,
684,683,744,745,
685,684,745,746,
686,685,746,747,
687,686,747,748,
688,687,748,749,
689,688,749,750,
690,689,750,751,
691,690,751,752,
692,691,752,753,
693,692,753,754,
694,693,754,755,
695,694,755,756,
696,695,756,757,
697,696,757,758,
698,697,758,759,
699,698,759,760,
700,699,760,761,
701,700,761,762,
702,701,762,763,
703,702,763,764,
704,703,764,765,
705,704,765,766,
706,705,766,767,
707,706,767,768,
708,707,768,769,
709,708,769,770,
710,709,770,771,
711,710,771,772,
712,711,772,773,
713,712,773,774,
714,713,774,775,
715,714,775,776,
716,715,776,777,
717,716,777,778,
718,717,778,779,
719,718,779,780,
720,719,780,781,
721,720,781,782,
722,721,782,783,
723,722,783,784,
724,723,784,785,
725,724,785,786,
726,725,786,787,
727,726,787,788,
728,727,788,789,
729,728,789,790,
730,729,790,791,
731,730,791,792,
732,731,792,793,
734,733,794,795,
735,734,795,796,
736,735,796,797,
737,736,797,798,
738,737,798,799,
739,738,799,800,
740,739,800,801,
741,740,801,802,
742,741,802,803,
743,742,803,804,
744,743,804,805,
745,744,805,806,
746,745,806,807,
747,746,807,808,
748,747,808,809,
749,748,809,810,
750,749,810,811,
751,750,811,812,
752,751,812,813,
753,752,813,814,
754,753,814,815,
755,754,815,816,
756,755,816,817,
757,756,817,818,
758,757,818,819,
759,758,819,820,
760,759,820,821,
761,760,821,822,
762,761,822,823,
763,762,823,824,
764,763,824,825,
765,764,825,826,
766,765,826,827,
767,766,827,828,
768,767,828,829,
769,768,829,830,
770,769,830,831,
771,770,831,832,
772,771,832,833,
773,772,833,834,
774,773,834,835,
775,774,835,836,
776,775,836,837,
777,776,837,838,
778,777,838,839,
779,778,839,840,
780,779,840,841,
781,780,841,842,
782,781,842,843,
783,782,843,844,
784,783,844,845,
785,784,845,846,
786,785,846,847,
787,786,847,848,
788,787,848,849,
789,788,849,850,
790,789,850,851,
791,790,851,852,
792,791,852,853,
793,792,853,854,
795,794,855,856,
796,795,856,857,
797,796,857,858,
798,797,858,859,
799,798,859,860,
800,799,860,861,
801,800,861,862,
802,801,862,863,
803,802,863,864,
804,803,864,865,
805,804,865,866,
806,805,866,867,
807,806,867,868,
808,807,868,869,
809,808,869,870,
810,809,870,871,
811,810,871,872,
812,811,872,873,
813,812,873,874,
814,813,874,875,
815,814,875,876,
816,815,876,877,
817,816,877,878,
818,817,878,879,
819,818,879,880,
820,819,880,881,
821,820,881,882,
822,821,882,883,
823,822,883,884,
824,823,884,885,
825,824,885,886,
826,825,886,887,
827,826,887,888,
828,827,888,889,
829,828,889,890,
830,829,890,891,
831,830,891,892,
832,831,892,893,
833,832,893,894,
834,833,894,895,
835,834,895,896,
836,835,896,897,
837,836,897,898,
838,837,898,899,
839,838,899,900,
840,839,900,901,
841,840,901,902,
842,841,902,903,
843,842,903,904,
844,843,904,905,
845,844,905,906,
846,845,906,907,
847,846,907,908,
848,847,908,909,
849,848,909,910,
850,849,910,911,
851,850,911,912,
852,851,912,913,
853,852,913,914,
854,853,914,915,
856,855,916,917,
857,856,917,918,
858,857,918,919,
859,858,919,920,
860,859,920,921,
861,860,921,922,
862,861,922,923,
863,862,923,924,
864,863,924,925,
865,864,925,926,
866,865,926,927,
867,866,927,928,
868,867,928,929,
869,868,929,930,
870,869,930,931,
871,870,931,932,
872,871,932,933,
873,872,933,934,
874,873,934,935,
875,874,935,936,
876,875,936,937,
877,876,937,938,
878,877,938,939,
879,878,939,940,
880,879,940,941,
881,880,941,942,
882,881,942,943,
883,882,943,944,
884,883,944,945,
885,884,945,946,
886,885,946,947,
887,886,947,948,
888,887,948,949,
889,888,949,950,
890,889,950,951,
891,890,951,952,
892,891,952,953,
893,892,953,954,
894,893,954,955,
895,894,955,956,
896,895,956,957,
897,896,957,958,
898,897,958,959,
899,898,959,960,
900,899,960,961,
901,900,961,962,
902,901,962,963,
903,902,963,964,
904,903,964,965,
905,904,965,966,
906,905,966,967,
907,906,967,968,
908,907,968,969,
909,908,969,970,
910,909,970,971,
911,910,971,972,
912,911,972,973,
913,912,973,974,
914,913,974,975,
915,914,975,976,
917,916,977,978,
918,917,978,979,
919,918,979,980,
920,919,980,981,
921,920,981,982,
922,921,982,983,
923,922,983,984,
924,923,984,985,
925,924,985,986,
926,925,986,987,
927,926,987,988,
928,927,988,989,
929,928,989,990,
930,929,990,991,
931,930,991,992,
932,931,992,993,
933,932,993,994,
934,933,994,995,
935,934,995,996,
936,935,996,997,
937,936,997,998,
938,937,998,999,
939,938,999,1000,
940,939,1000,1001,
941,940,1001,1002,
942,941,1002,1003,
943,942,1003,1004,
944,943,1004,1005,
945,944,1005,1006,
946,945,1006,1007,
947,946,1007,1008,
948,947,1008,1009,
949,948,1009,1010,
950,949,1010,1011,
951,950,1011,1012,
952,951,1012,1013,
953,952,1013,1014,
954,953,1014,1015,
955,954,1015,1016,
956,955,1016,1017,
957,956,1017,1018,
958,957,1018,1019,
959,958,1019,1020,
960,959,1020,1021,
961,960,1021,1022,
962,961,1022,1023,
963,962,1023,1024,
964,963,1024,1025,
965,964,1025,1026,
966,965,1026,1027,
967,966,1027,1028,
968,967,1028,1029,
969,968,1029,1030,
970,969,1030,1031,
971,970,1031,1032,
972,971,1032,1033,
973,972,1033,1034,
974,973,1034,1035,
975,974,1035,1036,
976,975,1036,1037,
978,977,1038,1039,
979,978,1039,1040,
980,979,1040,1041,
981,980,1041,1042,
982,981,1042,1043,
983,982,1043,1044,
984,983,1044,1045,
985,984,1045,1046,
986,985,1046,1047,
987,986,1047,1048,
988,987,1048,1049,
989,988,1049,1050,
990,989,1050,1051,
991,990,1051,1052,
992,991,1052,1053,
993,992,1053,1054,
994,993,1054,1055,
995,994,1055,1056,
996,995,1056,1057,
997,996,1057,1058,
998,997,1058,1059,
999,998,1059,1060,
1000,999,1060,1061,
1001,1000,1061,1062,
1002,1001,1062,1063,
1003,1002,1063,1064,
1004,1003,1064,1065,
1005,1004,1065,1066,
1006,1005,1066,1067,
1007,1006,1067,1068,
1008,1007,1068,1069,
1009,1008,1069,1070,
1010,1009,1070,1071,
1011,1010,1071,1072,
1012,1011,1072,1073,
1013,1012,1073,1074,
1014,1013,1074,1075,
1015,1014,1075,1076,
1016,1015,1076,1077,
1017,1016,1077,1078,
1018,1017,1078,1079,
1019,1018,1079,1080,
1020,1019,1080,1081,
1021,1020,1081,1082,
1022,1021,1082,1083,
1023,1022,1083,1084,
1024,1023,1084,1085,
1025,1024,1085,1086,
1026,1025,1086,1087,
1027,1026,1087,1088,
1028,1027,1088,1089,
1029,1028,1089,1090,
1030,1029,1090,1091,
1031,1030,1091,1092,
1032,1031,1092,1093,
1033,1032,1093,1094,
1034,1033,1094,1095,
1035,1034,1095,1096,
1036,1035,1096,1097,
1037,1036,1097,1098,
1039,1038,1099,1100,
1040,1039,1100,1101,
1041,1040,1101,1102,
1042,1041,1102,1103,
1043,1042,1103,1104,
1044,1043,1104,1105,
1045,1044,1105,1106,
1046,1045,1106,1107,
1047,1046,1107,1108,
1048,1047,1108,1109,
1049,1048,1109,1110,
1050,1049,1110,1111,
1051,1050,1111,1112,
1052,1051,1112,1113,
1053,1052,1113,1114,
1054,1053,1114,1115,
1055,1054,1115,1116,
1056,1055,1116,1117,
1057,1056,1117,1118,
1058,1057,1118,1119,
1059,1058,1119,1120,
1060,1059,1120,1121,
1061,1060,1121,1122,
1062,1061,1122,1123,
1063,1062,1123,1124,
1064,1063,1124,1125,
1065,1064,1125,1126,
1066,1065,1126,1127,
1067,1066,1127,1128,
1068,1067,1128,1129,
1069,1068,1129,1130,
1070,1069,1130,1131,
1071,1070,1131,1132,
1072,1071,1132,1133,
1073,1072,1133,1134,
1074,1073,1134,1135,
1075,1074,1135,1136,
1076,1075,1136,1137,
1077,1076,1137,1138,
1078,1077,1138,1139,
1079,1078,1139,1140,
1080,1079,1140,1141,
1081,1080,1141,1142,
1082,1081,1142,1143,
1083,1082,1143,1144,
1084,1083,1144,1145,
1085,1084,1145,1146,
1086,1085,1146,1147,
1087,1086,1147,1148,
1088,1087,1148,1149,
1089,1088,1149,1150,
1090,1089,1150,1151,
1091,1090,1151,1152,
1092,1091,1152,1153,
1093,1092,1153,1154,
1094,1093,1154,1155,
1095,1094,1155,1156,
1096,1095,1156,1157,
1097,1096,1157,1158,
1098,1097,1158,1159,
1100,1099,1160,1161,
1101,1100,1161,1162,
1102,1101,1162,1163,
1103,1102,1163,1164,
1104,1103,1164,1165,
1105,1104,1165,1166,
1106,1105,1166,1167,
1107,1106,1167,1168,
1108,1107,1168,1169,
1109,1108,1169,1170,
1110,1109,1170,1171,
1111,1110,1171,1172,
1112,1111,1172,1173,
1113,1112,1173,1174,
1114,1113,1174,1175,
1115,1114,1175,1176,
1116,1115,1176,1177,
1117,1116,1177,1178,
1118,1117,1178,1179,
1119,1118,1179,1180,
1120,1119,1180,1181,
1121,1120,1181,1182,
1122,1121,1182,1183,
1123,1122,1183,1184,
1124,1123,1184,1185,
1125,1124,1185,1186,
1126,1125,1186,1187,
1127,1126,1187,1188,
1128,1127,1188,1189,
1129,1128,1189,1190,
1130,1129,1190,1191,
1131,1130,1191,1192,
1132,1131,1192,1193,
1133,1132,1193,1194,
1134,1133,1194,1195,
1135,1134,1195,1196,
1136,1135,1196,1197,
1137,1136,1197,1198,
1138,1137,1198,1199,
1139,1138,1199,1200,
1140,1139,1200,1201,
1141,1140,1201,1202,
1142,1141,1202,1203,
1143,1142,1203,1204,
1144,1143,1204,1205,
1145,1144,1205,1206,
1146,1145,1206,1207,
1147,1146,1207,1208,
1148,1147,1208,1209,
1149,1148,1209,1210,
1150,1149,1210,1211,
1151,1150,1211,1212,
1152,1151,1212,1213,
1153,1152,1213,1214,
1154,1153,1214,1215,
1155,1154,1215,1216,
1156,1155,1216,1217,
1157,1156,1217,1218,
1158,1157,1218,1219,
1159,1158,1219,1220,
1161,1160,1221,1222,
1162,1161,1222,1223,
1163,1162,1223,1224,
1164,1163,1224,1225,
1165,1164,1225,1226,
1166,1165,1226,1227,
1167,1166,1227,1228,
1168,1167,1228,1229,
1169,1168,1229,1230,
1170,1169,1230,1231,
1171,1170,1231,1232,
1172,1171,1232,1233,
1173,1172,1233,1234,
1174,1173,1234,1235,
1175,1174,1235,1236,
1176,1175,1236,1237,
1177,1176,1237,1238,
1178,1177,1238,1239,
1179,1178,1239,1240,
1180,1179,1240,1241,
1181,1180,1241,1242,
1182,1181,1242,1243,
1183,1182,1243,1244,
1184,1183,1244,1245,
1185,1184,1245,1246,
1186,1185,1246,1247,
1187,1186,1247,1248,
1188,1187,1248,1249,
1189,1188,1249,1250,
1190,1189,1250,1251,
1191,1190,1251,1252,
1192,1191,1252,1253,
1193,1192,1253,1254,
1194,1193,1254,1255,
1195,1194,1255,1256,
1196,1195,1256,1257,
1197,1196,1257,1258,
1198,1197,1258,1259,
1199,1198,1259,1260,
1200,1199,1260,1261,
1201,1200,1261,1262,
1202,1201,1262,1263,
1203,1202,1263,1264,
1204,1203,1264,1265,
1205,1204,1265,1266,
1206,1205,1266,1267,
1207,1206,1267,1268,
1208,1207,1268,1269,
1209,1208,1269,1270,
1210,1209,1270,1271,
1211,1210,1271,1272,
1212,1211,1272,1273,
1213,1212,1273,1274,
1214,1213,1274,1275,
1215,1214,1275,1276,
1216,1215,1276,1277,
1217,1216,1277,1278,
1218,1217,1278,1279,
1219,1218,1279,1280,
1220,1219,1280,1281,
1222,1221,1282,1283,
1223,1222,1283,1284,
1224,1223,1284,1285,
1225,1224,1285,1286,
1226,1225,1286,1287,
1227,1226,1287,1288,
1228,1227,1288,1289,
1229,1228,1289,1290,
1230,1229,1290,1291,
1231,1230,1291,1292,
1232,1231,1292,1293,
1233,1232,1293,1294,
1234,1233,1294,1295,
1235,1234,1295,1296,
1236,1235,1296,1297,
1237,1236,1297,1298,
1238,1237,1298,1299,
1239,1238,1299,1300,
1240,1239,1300,1301,
1241,1240,1301,1302,
1242,1241,1302,1303,
1243,1242,1303,1304,
1244,1243,1304,1305,
1245,1244,1305,1306,
1246,1245,1306,1307,
1247,1246,1307,1308,
1248,1247,1308,1309,
1249,1248,1309,1310,
1250,1249,1310,1311,
1251,1250,1311,1312,
1252,1251,1312,1313,
1253,1252,1313,1314,
1254,1253,1314,1315,
1255,1254,1315,1316,
1256,1255,1316,1317,
1257,1256,1317,1318,
1258,1257,1318,1319,
1259,1258,1319,1320,
1260,1259,1320,1321,
1261,1260,1321,1322,
1262,1261,1322,1323,
1263,1262,1323,1324,
1264,1263,1324,1325,
1265,1264,1325,1326,
1266,1265,1326,1327,
1267,1266,1327,1328,
1268,1267,1328,1329,
1269,1268,1329,1330,
1270,1269,1330,1331,
1271,1270,1331,1332,
1272,1271,1332,1333,
1273,1272,1333,1334,
1274,1273,1334,1335,
1275,1274,1335,1336,
1276,1275,1336,1337,
1277,1276,1337,1338,
1278,1277,1338,1339,
1279,1278,1339,1340,
1280,1279,1340,1341,
1281,1280,1341,1342,
1283,1282,1343,1344,
1284,1283,1344,1345,
1285,1284,1345,1346,
1286,1285,1346,1347,
1287,1286,1347,1348,
1288,1287,1348,1349,
1289,1288,1349,1350,
1290,1289,1350,1351,
1291,1290,1351,1352,
1292,1291,1352,1353,
1293,1292,1353,1354,
1294,1293,1354,1355,
1295,1294,1355,1356,
1296,1295,1356,1357,
1297,1296,1357,1358,
1298,1297,1358,1359,
1299,1298,1359,1360,
1300,1299,1360,1361,
1301,1300,1361,1362,
1302,1301,1362,1363,
1303,1302,1363,1364,
1304,1303,1364,1365,
1305,1304,1365,1366,
1306,1305,1366,1367,
1307,1306,1367,1368,
1308,1307,1368,1369,
1309,1308,1369,1370,
1310,1309,1370,1371,
1311,1310,1371,1372,
1312,1311,1372,1373,
1313,1312,1373,1374,
1314,1313,1374,1375,
1315,1314,1375,1376,
1316,1315,1376,1377,
1317,1316,1377,1378,
1318,1317,1378,1379,
1319,1318,1379,1380,
1320,1319,1380,1381,
1321,1320,1381,1382,
1322,1321,1382,1383,
1323,1322,1383,1384,
1324,1323,1384,1385,
1325,1324,1385,1386,
1326,1325,1386,1387,
1327,1326,1387,1388,
1328,1327,1388,1389,
1329,1328,1389,1390,
1330,1329,1390,1391,
1331,1330,1391,1392,
1332,1331,1392,1393,
1333,1332,1393,1394,
1334,1333,1394,1395,
1335,1334,1395,1396,
1336,1335,1396,1397,
1337,1336,1397,1398,
1338,1337,1398,1399,
1339,1338,1399,1400,
1340,1339,1400,1401,
1341,1340,1401,1402,
1342,1341,1402,1403,
1344,1343,1404,1405,
1345,1344,1405,1406,
1346,1345,1406,1407,
1347,1346,1407,1408,
1348,1347,1408,1409,
1349,1348,1409,1410,
1350,1349,1410,1411,
1351,1350,1411,1412,
1352,1351,1412,1413,
1353,1352,1413,1414,
1354,1353,1414,1415,
1355,1354,1415,1416,
1356,1355,1416,1417,
1357,1356,1417,1418,
1358,1357,1418,1419,
1359,1358,1419,1420,
1360,1359,1420,1421,
1361,1360,1421,1422,
1362,1361,1422,1423,
1363,1362,1423,1424,
1364,1363,1424,1425,
1365,1364,1425,1426,
1366,1365,1426,1427,
1367,1366,1427,1428,
1368,1367,1428,1429,
1369,1368,1429,1430,
1370,1369,1430,1431,
1371,1370,1431,1432,
1372,1371,1432,1433,
1373,1372,1433,1434,
1374,1373,1434,1435,
1375,1374,1435,1436,
1376,1375,1436,1437,
1377,1376,1437,1438,
1378,1377,1438,1439,
1379,1378,1439,1440,
1380,1379,1440,1441,
1381,1380,1441,1442,
1382,1381,1442,1443,
1383,1382,1443,1444,
1384,1383,1444,1445,
1385,1384,1445,1446,
1386,1385,1446,1447,
1387,1386,1447,1448,
1388,1387,1448,1449,
1389,1388,1449,1450,
1390,1389,1450,1451,
1391,1390,1451,1452,
1392,1391,1452,1453,
1393,1392,1453,1454,
1394,1393,1454,1455,
1395,1394,1455,1456,
1396,1395,1456,1457,
1397,1396,1457,1458,
1398,1397,1458,1459,
1399,1398,1459,1460,
1400,1399,1460,1461,
1401,1400,1461,1462,
1402,1401,1462,1463,
1403,1402,1463,1464,
1405,1404,1465,1466,
1406,1405,1466,1467,
1407,1406,1467,1468,
1408,1407,1468,1469,
1409,1408,1469,1470,
1410,1409,1470,1471,
1411,1410,1471,1472,
1412,1411,1472,1473,
1413,1412,1473,1474,
1414,1413,1474,1475,
1415,1414,1475,1476,
1416,1415,1476,1477,
1417,1416,1477,1478,
1418,1417,1478,1479,
1419,1418,1479,1480,
1420,1419,1480,1481,
1421,1420,1481,1482,
1422,1421,1482,1483,
1423,1422,1483,1484,
1424,1423,1484,1485,
1425,1424,1485,1486,
1426,1425,1486,1487,
1427,1426,1487,1488,
1428,1427,1488,1489,
1429,1428,1489,1490,
1430,1429,1490,1491,
1431,1430,1491,1492,
1432,1431,1492,1493,
1433,1432,1493,1494,
1434,1433,1494,1495,
1435,1434,1495,1496,
1436,1435,1496,1497,
1437,1436,1497,1498,
1438,1437,1498,1499,
1439,1438,1499,1500,
1440,1439,1500,1501,
1441,1440,1501,1502,
1442,1441,1502,1503,
1443,1442,1503,1504,
1444,1443,1504,1505,
1445,1444,1505,1506,
1446,1445,1506,1507,
1447,1446,1507,1508,
1448,1447,1508,1509,
1449,1448,1509,1510,
1450,1449,1510,1511,
1451,1450,1511,1512,
1452,1451,1512,1513,
1453,1452,1513,1514,
1454,1453,1514,1515,
1455,1454,1515,1516,
1456,1455,1516,1517,
1457,1456,1517,1518,
1458,1457,1518,1519,
1459,1458,1519,1520,
1460,1459,1520,1521,
1461,1460,1521,1522,
1462,1461,1522,1523,
1463,1462,1523,1524,
1464,1463,1524,1525,
1466,1465,1526,1527,
1467,1466,1527,1528,
1468,1467,1528,1529,
1469,1468,1529,1530,
1470,1469,1530,1531,
1471,1470,1531,1532,
1472,1471,1532,1533,
1473,1472,1533,1534,
1474,1473,1534,1535,
1475,1474,1535,1536,
1476,1475,1536,1537,
1477,1476,1537,1538,
1478,1477,1538,1539,
1479,1478,1539,1540,
1480,1479,1540,1541,
1481,1480,1541,1542,
1482,1481,1542,1543,
1483,1482,1543,1544,
1484,1483,1544,1545,
1485,1484,1545,1546,
1486,1485,1546,1547,
1487,1486,1547,1548,
1488,1487,1548,1549,
1489,1488,1549,1550,
1490,1489,1550,1551,
1491,1490,1551,1552,
1492,1491,1552,1553,
1493,1492,1553,1554,
1494,1493,1554,1555,
1495,1494,1555,1556,
1496,1495,1556,1557,
1497,1496,1557,1558,
1498,1497,1558,1559,
1499,1498,1559,1560,
1500,1499,1560,1561,
1501,1500,1561,1562,
1502,1501,1562,1563,
1503,1502,1563,1564,
1504,1503,1564,1565,
1505,1504,1565,1566,
1506,1505,1566,1567,
1507,1506,1567,1568,
1508,1507,1568,1569,
1509,1508,1569,1570,
1510,1509,1570,1571,
1511,1510,1571,1572,
1512,1511,1572,1573,
1513,1512,1573,1574,
1514,1513,1574,1575,
1515,1514,1575,1576,
1516,1515,1576,1577,
1517,1516,1577,1578,
1518,1517,1578,1579,
1519,1518,1579,1580,
1520,1519,1580,1581,
1521,1520,1581,1582,
1522,1521,1582,1583,
1523,1522,1583,1584,
1524,1523,1584,1585,
1525,1524,1585,1586,
1527,1526,1587,1588,
1528,1527,1588,1589,
1529,1528,1589,1590,
1530,1529,1590,1591,
1531,1530,1591,1592,
1532,1531,1592,1593,
1533,1532,1593,1594,
1534,1533,1594,1595,
1535,1534,1595,1596,
1536,1535,1596,1597,
1537,1536,1597,1598,
1538,1537,1598,1599,
1539,1538,1599,1600,
1540,1539,1600,1601,
1541,1540,1601,1602,
1542,1541,1602,1603,
1543,1542,1603,1604,
1544,1543,1604,1605,
1545,1544,1605,1606,
1546,1545,1606,1607,
1547,1546,1607,1608,
1548,1547,1608,1609,
1549,1548,1609,1610,
1550,1549,1610,1611,
1551,1550,1611,1612,
1552,1551,1612,1613,
1553,1552,1613,1614,
1554,1553,1614,1615,
1555,1554,1615,1616,
1556,1555,1616,1617,
1557,1556,1617,1618,
1558,1557,1618,1619,
1559,1558,1619,1620,
1560,1559,1620,1621,
1561,1560,1621,1622,
1562,1561,1622,1623,
1563,1562,1623,1624,
1564,1563,1624,1625,
1565,1564,1625,1626,
1566,1565,1626,1627,
1567,1566,1627,1628,
1568,1567,1628,1629,
1569,1568,1629,1630,
1570,1569,1630,1631,
1571,1570,1631,1632,
1572,1571,1632,1633,
1573,1572,1633,1634,
1574,1573,1634,1635,
1575,1574,1635,1636,
1576,1575,1636,1637,
1577,1576,1637,1638,
1578,1577,1638,1639,
1579,1578,1639,1640,
1580,1579,1640,1641,
1581,1580,1641,1642,
1582,1581,1642,1643,
1583,1582,1643,1644,
1584,1583,1644,1645,
1585,1584,1645,1646,
1586,1585,1646,1647,
1588,1587,1648,1649,
1589,1588,1649,1650,
1590,1589,1650,1651,
1591,1590,1651,1652,
1592,1591,1652,1653,
1593,1592,1653,1654,
1594,1593,1654,1655,
1595,1594,1655,1656,
1596,1595,1656,1657,
1597,1596,1657,1658,
1598,1597,1658,1659,
1599,1598,1659,1660,
1600,1599,1660,1661,
1601,1600,1661,1662,
1602,1601,1662,1663,
1603,1602,1663,1664,
1604,1603,1664,1665,
1605,1604,1665,1666,
1606,1605,1666,1667,
1607,1606,1667,1668,
1608,1607,1668,1669,
1609,1608,1669,1670,
1610,1609,1670,1671,
1611,1610,1671,1672,
1612,1611,1672,1673,
1613,1612,1673,1674,
1614,1613,1674,1675,
1615,1614,1675,1676,
1616,1615,1676,1677,
1617,1616,1677,1678,
1618,1617,1678,1679,
1619,1618,1679,1680,
1620,1619,1680,1681,
1621,1620,1681,1682,
1622,1621,1682,1683,
1623,1622,1683,1684,
1624,1623,1684,1685,
1625,1624,1685,1686,
1626,1625,1686,1687,
1627,1626,1687,1688,
1628,1627,1688,1689,
1629,1628,1689,1690,
1630,1629,1690,1691,
1631,1630,1691,1692,
1632,1631,1692,1693,
1633,1632,1693,1694,
1634,1633,1694,1695,
1635,1634,1695,1696,
1636,1635,1696,1697,
1637,1636,1697,1698,
1638,1637,1698,1699,
1639,1638,1699,1700,
1640,1639,1700,1701,
1641,1640,1701,1702,
1642,1641,1702,1703,
1643,1642,1703,1704,
1644,1643,1704,1705,
1645,1644,1705,1706,
1646,1645,1706,1707,
1647,1646,1707,1708,
1649,1648,1709,1710,
1650,1649,1710,1711,
1651,1650,1711,1712,
1652,1651,1712,1713,
1653,1652,1713,1714,
1654,1653,1714,1715,
1655,1654,1715,1716,
1656,1655,1716,1717,
1657,1656,1717,1718,
1658,1657,1718,1719,
1659,1658,1719,1720,
1660,1659,1720,1721,
1661,1660,1721,1722,
1662,1661,1722,1723,
1663,1662,1723,1724,
1664,1663,1724,1725,
1665,1664,1725,1726,
1666,1665,1726,1727,
1667,1666,1727,1728,
1668,1667,1728,1729,
1669,1668,1729,1730,
1670,1669,1730,1731,
1671,1670,1731,1732,
1672,1671,1732,1733,
1673,1672,1733,1734,
1674,1673,1734,1735,
1675,1674,1735,1736,
1676,1675,1736,1737,
1677,1676,1737,1738,
1678,1677,1738,1739,
1679,1678,1739,1740,
1680,1679,1740,1741,
1681,1680,1741,1742,
1682,1681,1742,1743,
1683,1682,1743,1744,
1684,1683,1744,1745,
1685,1684,1745,1746,
1686,1685,1746,1747,
1687,1686,1747,1748,
1688,1687,1748,1749,
1689,1688,1749,1750,
1690,1689,1750,1751,
1691,1690,1751,1752,
1692,1691,1752,1753,
1693,1692,1753,1754,
1694,1693,1754,1755,
1695,1694,1755,1756,
1696,1695,1756,1757,
1697,1696,1757,1758,
1698,1697,1758,1759,
1699,1698,1759,1760,
1700,1699,1760,1761,
1701,1700,1761,1762,
1702,1701,1762,1763,
1703,1702,1763,1764,
1704,1703,1764,1765,
1705,1704,1765,1766,
1706,1705,1766,1767,
1707,1706,1767,1768,
1708,1707,1768,1769,
1710,1709,1770,1770,
1711,1710,1770,1770,
1712,1711,1770,1770,
1713,1712,1770,1770,
1714,1713,1770,1770,
1715,1714,1770,1770,
1716,1715,1770,1770,
1717,1716,1770,1770,
1718,1717,1770,1770,
1719,1718,1770,1770,
1720,1719,1770,1770,
1721,1720,1770,1770,
1722,1721,1770,1770,
1723,1722,1770,1770,
1724,1723,1770,1770,
1725,1724,1770,1770,
1726,1725,1770,1770,
1727,1726,1770,1770,
1728,1727,1770,1770,
1729,1728,1770,1770,
1730,1729,1770,1770,
1731,1730,1770,1770,
1732,1731,1770,1770,
1733,1732,1770,1770,
1734,1733,1770,1770,
1735,1734,1770,1770,
1736,1735,1770,1770,
1737,1736,1770,1770,
1738,1737,1770,1770,
1739,1738,1770,1770,
1740,1739,1770,1770,
1741,1740,1770,1770,
1742,1741,1770,1770,
1743,1742,1770,1770,
1744,1743,1770,1770,
1745,1744,1770,1770,
1746,1745,1770,1770,
1747,1746,1770,1770,
1748,1747,1770,1770,
1749,1748,1770,1770,
1750,1749,1770,1770,
1751,1750,1770,1770,
1752,1751,1770,1770,
1753,1752,1770,1770,
1754,1753,1770,1770,
1755,1754,1770,1770,
1756,1755,1770,1770,
1757,1756,1770,1770,
1758,1757,1770,1770,
1759,1758,1770,1770,
1760,1759,1770,1770,
1761,1760,1770,1770,
1762,1761,1770,1770,
1763,1762,1770,1770,
1764,1763,1770,1770,
1765,1764,1770,1770,
1766,1765,1770,1770,
1767,1766,1770,1770,
1768,1767,1770,1770,
1769,1768,1770,1770,
0,1,62,123,184,245,306,367,428,489,550,611,672,733,794,855,916,977,1038,1099,1160,1221,1282,1343,1404,1465,1526,1587,1648,1709,1770,1769,1708,1647,1586,1525,1464,1403,1342,1281,1220,1159,1098,1037,976,915,854,793,732,671,610,549,488,427,366,305,244,183,122,61,
