1809,30,60,4.589797,3.180332,
-0.736321,1.536648,
1.291580,1.599016,
1.297327,1.607374,
1.299685,1.616538,
-0.930199,1.558583,
-0.930159,1.549866,
-0.928307,1.541021,
-0.924725,1.532145,
-0.919524,1.523287,
-0.912707,1.514505,
-0.904198,1.505923,
-0.894078,1.497662,
-0.882540,1.489825,
-0.869741,1.482476,
-0.855730,1.475716,
-0.840576,1.469645,
-0.824445,1.464289,
-0.807597,1.459557,
-0.790041,1.455569,
-0.771955,1.452288,
-0.753380,1.449757,
-0.734307,1.448199,
-0.714936,1.447697,
-0.695544,1.448186,
-0.676203,1.449582,
-0.657253,1.451899,
-0.638922,1.455098,
-0.621483,1.459222,
-0.605249,1.464404,
-0.590569,1.470681,
-0.550213,1.469270,
-0.513267,1.469709,
-0.480640,1.471322,
-0.452091,1.473934,
-0.426525,1.477371,
-0.407185,1.482876,
-0.390878,1.488971,
-0.377933,1.495493,
-0.368560,1.502872,
0.916433,1.574720,
0.918079,1.565636,
0.926996,1.558536,
0.937754,1.552349,
0.950386,1.547174,
0.964996,1.543081,
0.981432,1.540105,
0.999510,1.538468,
1.019099,1.538150,
1.039237,1.538166,
1.060122,1.538357,
1.082256,1.539110,
1.104509,1.540822,
1.126483,1.543572,
1.148030,1.546974,
1.169045,1.550752,
1.189460,1.555122,
1.209159,1.559957,
1.227561,1.565121,
1.244042,1.570921,
1.258871,1.577424,
1.272348,1.583937,
1.283206,1.591123,
1.407239,1.561053,
1.417165,1.579373,
1.422405,1.598723,
-1.105163,1.572681,
-1.104474,1.553696,
-1.100068,1.534635,
-1.092161,1.515596,
-1.080753,1.496866,
-1.066213,1.478683,
-1.049268,1.461064,
-1.030317,1.444035,
-1.009359,1.427741,
-0.986372,1.412508,
-0.961604,1.398497,
-0.935365,1.385767,
-0.907837,1.374459,
-0.879324,1.364489,
-0.849868,1.356075,
-0.819681,1.349064,
-0.788716,1.343913,
-0.756942,1.340867,
-0.724528,1.339478,
-0.691637,1.339589,
-0.658349,1.341346,
-0.624607,1.344649,
-0.590613,1.349711,
-0.556113,1.356189,
-0.520878,1.363250,
-0.482912,1.368937,
-0.450945,1.376158,
-0.415441,1.382195,
-0.378425,1.388726,
-0.341138,1.396190,
-0.305472,1.404979,
-0.274583,1.416282,
-0.247284,1.428653,
-0.226238,1.442986,
-0.212253,1.459201,
0.779812,1.517229,
0.797281,1.501283,
0.811469,1.486216,
0.830945,1.473621,
0.856028,1.463981,
0.885013,1.456506,
0.916403,1.450778,
0.949294,1.446625,
0.983223,1.444149,
1.017587,1.443172,
1.052132,1.443678,
1.086517,1.445296,
1.120274,1.447911,
1.153397,1.451913,
1.185925,1.457391,
1.217748,1.464131,
1.248410,1.471876,
1.277397,1.480837,
1.304622,1.491026,
1.330139,1.502490,
1.353605,1.514970,
1.374487,1.528995,
1.392626,1.544394,
1.534627,1.512432,
1.552565,1.540324,
1.564472,1.570273,
-1.264913,1.578191,
-1.261146,1.546291,
-1.251345,1.514290,
-1.236763,1.483065,
-1.218679,1.452860,
-1.197604,1.423883,
-1.173602,1.396443,
-1.146854,1.370832,
-1.117724,1.346958,
-1.086619,1.324921,
-1.053782,1.304839,
-1.019257,1.286813,
-0.983089,1.270963,
-0.945386,1.257357,
-0.906422,1.245919,
-0.866333,1.236691,
-0.825353,1.229766,
-0.783711,1.225177,
-0.741476,1.223003,
-0.698803,1.223426,
-0.655561,1.226150,
-0.612174,1.231344,
-0.568118,1.238239,
-0.523965,1.246659,
-0.479492,1.257021,
-0.434353,1.269099,
-0.384469,1.281164,
-0.333646,1.294178,
-0.280319,1.307101,
-0.225525,1.320759,
-0.170724,1.335243,
-0.118320,1.351219,
-0.068582,1.368139,
-0.024762,1.386319,
0.004634,1.408119,
0.634394,1.449830,
0.631111,1.418679,
0.664157,1.398624,
0.709010,1.382658,
0.757981,1.369279,
0.808149,1.357979,
0.858641,1.348712,
0.908900,1.341371,
0.958433,1.336110,
1.006906,1.333117,
1.054221,1.332268,
1.100632,1.333525,
1.146303,1.336855,
1.190901,1.342177,
1.233982,1.349468,
1.275355,1.358831,
1.315118,1.370447,
1.353223,1.384741,
1.389502,1.401240,
1.423805,1.419613,
1.456178,1.439999,
1.485846,1.462050,
1.512255,1.486037,
1.656112,1.441450,
1.682468,1.476194,
1.705108,1.513902,
-1.420901,1.559970,
-1.408399,1.516611,
-1.391098,1.472840,
-1.370269,1.431086,
-1.346170,1.391544,
-1.318991,1.354097,
-1.288846,1.319066,
-1.255681,1.286506,
-1.219818,1.256582,
-1.181435,1.229181,
-1.140649,1.204318,
-1.097652,1.182158,
-1.052764,1.162816,
-1.006345,1.146254,
-0.958609,1.132413,
-0.909714,1.121230,
-0.859793,1.112637,
-0.809240,1.106663,
-0.758969,1.104103,
-0.708782,1.105053,
-0.658242,1.109399,
-0.605800,1.114967,
-0.554593,1.124367,
-0.503690,1.138831,
-0.452812,1.157200,
-0.399664,1.175375,
-0.343876,1.192474,
-0.283934,1.208446,
-0.221673,1.223915,
-0.157546,1.237953,
-0.092311,1.251506,
-0.025276,1.265245,
0.044003,1.280753,
0.118747,1.298403,
0.206557,1.316845,
0.332620,1.329568,
0.457741,1.317790,
0.546006,1.299175,
0.621995,1.281672,
0.692660,1.266314,
0.760210,1.253080,
0.825396,1.242096,
0.888658,1.233339,
0.950235,1.226595,
1.010246,1.221882,
1.068707,1.219711,
1.125524,1.220328,
1.180631,1.223539,
1.234111,1.229158,
1.285928,1.237449,
1.335913,1.248740,
1.383871,1.263145,
1.429784,1.280371,
1.473581,1.300425,
1.515380,1.323644,
1.554294,1.349334,
1.591118,1.377825,
1.625304,1.408715,
1.763421,1.353243,
1.796610,1.388399,
1.829949,1.425548,
-1.567139,1.510966,
-1.546005,1.463145,
-1.522304,1.414187,
-1.496430,1.367566,
-1.467743,1.322931,
-1.435398,1.279673,
-1.399407,1.238025,
-1.360220,1.199328,
-1.317530,1.163810,
-1.271657,1.131554,
-1.223049,1.102487,
-1.172094,1.076556,
-1.119114,1.053801,
-1.064411,1.034338,
-1.008299,1.018210,
-0.951024,1.005365,
-0.892719,0.995766,
-0.833470,0.989490,
-0.774539,0.986445,
-0.718301,0.987822,
-0.662630,0.992863,
-0.605205,1.002895,
-0.552459,1.021214,
-0.499000,1.041599,
-0.444051,1.062578,
-0.387053,1.082997,
-0.328353,1.102727,
-0.266772,1.119878,
-0.200882,1.131207,
-0.132008,1.140158,
-0.059780,1.149577,
0.014665,1.161022,
0.091880,1.173996,
0.172878,1.187106,
0.257750,1.197494,
0.338963,1.199955,
0.420570,1.196562,
0.506014,1.185539,
0.588034,1.171573,
0.666538,1.157514,
0.742305,1.144319,
0.815811,1.132598,
0.887280,1.122888,
0.957039,1.115203,
1.025301,1.109611,
1.092012,1.106535,
1.156982,1.106459,
1.220203,1.109341,
1.281627,1.115292,
1.341124,1.124570,
1.398489,1.137431,
1.453579,1.153942,
1.506282,1.174054,
1.556830,1.197548,
1.604177,1.223415,
1.649659,1.253346,
1.690781,1.284157,
1.728920,1.318090,
1.854775,1.245857,
1.891678,1.277763,
1.932036,1.308003,
-1.698366,1.426759,
-1.668245,1.385603,
-1.639386,1.340164,
-1.611422,1.294214,
-1.581725,1.248179,
-1.547770,1.201616,
-1.507663,1.155402,
-1.461591,1.110655,
-1.411470,1.069664,
-1.357820,1.032629,
-1.301217,0.999462,
-1.242162,0.970018,
-1.181128,0.944193,
-1.118488,0.921975,
-1.054549,0.903482,
-0.989591,0.888807,
-0.923833,0.877988,
-0.857475,0.871308,
-0.791303,0.869614,
-0.728584,0.873067,
-0.672098,0.883834,
-0.618658,0.900862,
-0.565238,0.922854,
-0.512552,0.948615,
-0.458467,0.973984,
-0.401406,0.995196,
-0.341201,1.011477,
-0.275375,1.020911,
-0.204342,1.026932,
-0.129640,1.032535,
-0.052358,1.039399,
0.025713,1.048243,
0.104592,1.057827,
0.183869,1.066613,
0.262908,1.071918,
0.343378,1.073502,
0.424021,1.070932,
0.503744,1.064512,
0.583945,1.054582,
0.663789,1.043169,
0.742656,1.031309,
0.820415,1.019868,
0.897118,1.009919,
0.972711,1.001774,
1.047113,0.995591,
1.120217,0.992015,
1.191929,0.991402,
1.262030,0.994114,
1.330438,1.000416,
1.397079,1.010605,
1.461769,1.024994,
1.524042,1.043887,
1.583705,1.067114,
1.638543,1.092558,
1.688457,1.119178,
1.737410,1.152701,
1.778339,1.184068,
1.816905,1.215325,
1.936536,1.110063,
1.977855,1.134175,
2.020841,1.159009,
-1.821901,1.308016,
-1.784980,1.273465,
-1.750911,1.238082,
-1.718129,1.200282,
-1.685577,1.159468,
-1.651173,1.115442,
-1.610370,1.068621,
-1.559158,1.019866,
-1.500983,0.973554,
-1.439311,0.932228,
-1.374728,0.895453,
-1.307799,0.862866,
-1.238947,0.834183,
-1.168589,0.809347,
-1.097033,0.788443,
-1.024625,0.771656,
-0.951652,0.759358,
-0.878253,0.751543,
-0.808480,0.750181,
-0.743473,0.757585,
-0.688671,0.775087,
-0.638155,0.797929,
-0.589291,0.825270,
-0.539149,0.854465,
-0.487262,0.880635,
-0.430997,0.900894,
-0.368259,0.911733,
-0.297350,0.915476,
-0.219574,0.917296,
-0.138291,0.920074,
-0.057176,0.925220,
0.024005,0.931672,
0.104966,0.938490,
0.185551,0.944174,
0.266063,0.948043,
0.346373,0.949335,
0.426932,0.947355,
0.507853,0.942419,
0.588782,0.935177,
0.669852,0.925878,
0.750894,0.915374,
0.831747,0.904759,
0.912199,0.895047,
0.992111,0.886715,
1.071414,0.880153,
1.149908,0.876097,
1.227334,0.875134,
1.303594,0.877601,
1.378478,0.884137,
1.451846,0.895267,
1.523494,0.911520,
1.593546,0.932987,
1.658009,0.958768,
1.713695,0.985868,
1.762827,1.013002,
1.809386,1.039513,
1.853268,1.063531,
1.895511,1.086516,
2.010912,0.942111,
2.058044,0.959996,
2.106063,0.979686,
-1.944890,1.155586,
-1.903256,1.125823,
-1.862560,1.098575,
-1.823177,1.072152,
-1.784689,1.044223,
-1.745578,1.010424,
-1.702165,0.969324,
-1.649383,0.922786,
-1.584391,0.873553,
-1.515162,0.829154,
-1.443237,0.789739,
-1.369020,0.754801,
-1.292968,0.723969,
-1.215291,0.696917,
-1.136412,0.673728,
-1.056556,0.654688,
-0.976295,0.639969,
-0.899662,0.633078,
-0.830855,0.637039,
-0.771057,0.649059,
-0.717507,0.668233,
-0.670036,0.693284,
-0.623726,0.722557,
-0.576244,0.752998,
-0.524618,0.780959,
-0.467537,0.799338,
-0.401509,0.807944,
-0.323392,0.807939,
-0.237540,0.805897,
-0.151321,0.806381,
-0.065829,0.809520,
0.018663,0.813779,
0.102147,0.818292,
0.184875,0.822278,
0.267053,0.824949,
0.348997,0.825994,
0.430927,0.824778,
0.513091,0.821050,
0.595596,0.815316,
0.678452,0.807519,
0.761564,0.798154,
0.844848,0.788319,
0.928225,0.778888,
1.011615,0.770484,
1.094967,0.763688,
1.178134,0.759205,
1.260895,0.757548,
1.342839,0.759527,
1.423645,0.766030,
1.503017,0.778029,
1.580930,0.795479,
1.653748,0.817496,
1.720741,0.842996,
1.776399,0.866330,
1.825906,0.885698,
1.872426,0.900763,
1.918483,0.914286,
1.964497,0.927101,
2.070391,0.763904,
2.123034,0.776992,
2.177045,0.793993,
-2.056588,0.987911,
-2.007712,0.961548,
-1.961086,0.938728,
-1.915819,0.919802,
-1.871432,0.903309,
-1.827098,0.884085,
-1.780764,0.855057,
-1.727419,0.814608,
-1.660878,0.768225,
-1.585052,0.722500,
-1.506636,0.681612,
-1.426075,0.645380,
-1.343563,0.613158,
-1.259574,0.584886,
-1.173719,0.560012,
-1.086979,0.538469,
-1.003230,0.524618,
-0.928461,0.522239,
-0.863423,0.529460,
-0.807565,0.543283,
-0.757840,0.562933,
-0.710516,0.587372,
-0.663561,0.617462,
-0.615679,0.648744,
-0.564220,0.676087,
-0.504500,0.692643,
-0.431443,0.697966,
-0.343867,0.695189,
-0.252763,0.692478,
-0.162895,0.691969,
-0.074214,0.693239,
0.013138,0.695354,
0.099248,0.697956,
0.184256,0.700520,
0.268432,0.702386,
0.352015,0.703220,
0.435406,0.702642,
0.518998,0.700131,
0.603009,0.695611,
0.687279,0.688835,
0.771921,0.680237,
0.856840,0.670899,
0.942260,0.661808,
1.028392,0.653527,
1.115279,0.646626,
1.202791,0.641524,
1.290524,0.639009,
1.378107,0.639961,
1.464729,0.645921,
1.549750,0.658105,
1.628728,0.675769,
1.699566,0.695868,
1.765862,0.716274,
1.820806,0.729087,
1.871622,0.736401,
1.920347,0.740799,
1.969170,0.745687,
2.019202,0.753055,
2.114980,0.587224,
2.173125,0.597572,
2.233676,0.610755,
-2.145626,0.815111,
-2.090217,0.792198,
-2.037290,0.773504,
-1.986518,0.759364,
-1.937300,0.749170,
-1.889329,0.740024,
-1.841074,0.724721,
-1.788300,0.696319,
-1.725869,0.655911,
-1.649532,0.611946,
-1.565406,0.571071,
-1.479021,0.534175,
-1.391228,0.501664,
-1.301505,0.472365,
-1.211677,0.447261,
-1.121600,0.428365,
-1.039522,0.419593,
-0.967018,0.419143,
-0.903653,0.426495,
-0.847820,0.438969,
-0.796691,0.457627,
-0.748384,0.481528,
-0.701014,0.510241,
-0.652852,0.541929,
-0.600237,0.567960,
-0.534971,0.582119,
-0.451907,0.583961,
-0.357941,0.580989,
-0.264277,0.578298,
-0.171642,0.576750,
-0.080389,0.576321,
0.009460,0.576781,
0.097981,0.577676,
0.185234,0.578928,
0.271354,0.579947,
0.356596,0.580640,
0.441266,0.580675,
0.525830,0.579401,
0.610415,0.576052,
0.695464,0.569780,
0.780214,0.561190,
0.865503,0.552219,
0.951960,0.543800,
1.040094,0.536182,
1.130004,0.529353,
1.221405,0.523728,
1.314019,0.519904,
1.407148,0.519460,
1.500907,0.524376,
1.587918,0.535609,
1.662386,0.551766,
1.730465,0.567748,
1.790195,0.576198,
1.845543,0.576612,
1.898099,0.574716,
1.950461,0.572608,
2.003659,0.574155,
2.058435,0.579107,
2.146830,0.414568,
2.209348,0.421966,
2.274168,0.432144,
-2.211532,0.643079,
-2.150237,0.623396,
-2.091374,0.607128,
-2.033682,0.597334,
-1.980187,0.591135,
-1.929853,0.585362,
-1.880330,0.579235,
-1.829296,0.564618,
-1.771414,0.536124,
-1.702134,0.497603,
-1.619232,0.457295,
-1.528806,0.421750,
-1.435395,0.388708,
-1.343554,0.360967,
-1.253643,0.341157,
-1.167638,0.329327,
-1.087317,0.325162,
-1.010440,0.324928,
-0.939926,0.330366,
-0.876122,0.339849,
-0.819889,0.354849,
-0.769853,0.376991,
-0.724025,0.404022,
-0.678272,0.433401,
-0.625368,0.456269,
-0.555099,0.467389,
-0.463036,0.467699,
-0.366564,0.465612,
-0.271254,0.463092,
-0.177023,0.460786,
-0.083961,0.459002,
0.007922,0.458033,
0.098719,0.457629,
0.188438,0.457688,
0.277005,0.457872,
0.364309,0.458195,
0.450350,0.458582,
0.535194,0.458492,
0.619335,0.455725,
0.701056,0.448872,
0.784188,0.440187,
0.868759,0.431730,
0.955543,0.424812,
1.044943,0.418577,
1.136974,0.412393,
1.231697,0.406282,
1.328710,0.401267,
1.427872,0.398172,
1.524701,0.400610,
1.609057,0.408813,
1.680460,0.418265,
1.742740,0.422919,
1.800743,0.420482,
1.856444,0.414968,
1.911972,0.408848,
1.968324,0.406092,
2.026164,0.406710,
2.085705,0.409573,
2.166723,0.246004,
2.232725,0.250050,
2.300739,0.256779,
-2.254703,0.468592,
-2.187422,0.458192,
-2.123074,0.450468,
-2.061842,0.441153,
-2.005153,0.433350,
-1.950983,0.428941,
-1.899307,0.425104,
-1.848347,0.419235,
-1.794616,0.404548,
-1.732355,0.377619,
-1.658887,0.343144,
-1.572569,0.306586,
-1.479274,0.276905,
-1.388940,0.255925,
-1.298044,0.237405,
-1.216037,0.230909,
-1.131417,0.230556,
-1.044563,0.234457,
-0.961158,0.241525,
-0.884734,0.248603,
-0.819666,0.258398,
-0.767953,0.274660,
-0.725252,0.297621,
-0.684315,0.323020,
-0.634518,0.341824,
-0.563536,0.349998,
-0.467618,0.351311,
-0.370803,0.349800,
-0.274815,0.347006,
-0.179915,0.343861,
-0.085771,0.341200,
0.007933,0.339361,
0.101264,0.338252,
0.194028,0.337465,
0.285911,0.336929,
0.376608,0.336642,
0.465580,0.337061,
0.552378,0.337538,
0.631119,0.334035,
0.702924,0.326076,
0.779664,0.317705,
0.866154,0.310300,
0.953720,0.304147,
1.041343,0.299572,
1.132922,0.295887,
1.230787,0.290942,
1.333019,0.283509,
1.434512,0.278609,
1.527451,0.277800,
1.611397,0.276715,
1.682176,0.273791,
1.744396,0.266443,
1.802742,0.257849,
1.860510,0.249919,
1.919026,0.244929,
1.978760,0.243369,
2.039981,0.243186,
2.102395,0.243869,
2.176143,0.081200,
2.244332,0.080868,
2.314918,0.082104,
-2.274880,0.293387,
-2.204592,0.289533,
-2.138161,0.286122,
-2.075303,0.281962,
-2.014929,0.277575,
-1.957355,0.274300,
-1.902172,0.271761,
-1.848869,0.268260,
-1.795813,0.261718,
-1.738960,0.247793,
-1.672931,0.224829,
-1.598081,0.196406,
-1.516369,0.167124,
-1.430260,0.142245,
-1.341891,0.126995,
-1.257622,0.126620,
-1.163882,0.129426,
-1.066954,0.136765,
-0.970865,0.147179,
-0.880753,0.156839,
-0.803742,0.164968,
-0.743482,0.175054,
-0.700049,0.190902,
-0.665224,0.211705,
-0.622730,0.228136,
-0.558240,0.232733,
-0.468126,0.234610,
-0.371612,0.233435,
-0.276598,0.229654,
-0.182070,0.225857,
-0.087109,0.223056,
0.008623,0.221306,
0.104866,0.220158,
0.201295,0.219132,
0.297499,0.218103,
0.393150,0.217616,
0.488404,0.218405,
0.578138,0.220985,
0.647823,0.220334,
0.707123,0.213504,
0.773446,0.201537,
0.859977,0.192956,
0.948748,0.188615,
1.030294,0.187174,
1.118672,0.184278,
1.216746,0.177933,
1.321929,0.170996,
1.420976,0.164958,
1.509744,0.159101,
1.598876,0.146848,
1.670464,0.130928,
1.736312,0.112815,
1.799007,0.097369,
1.860882,0.088236,
1.922570,0.084361,
1.983998,0.083121,
2.046510,0.082368,
2.110341,0.081753,
2.175009,-0.081810,
2.243237,-0.087163,
2.314843,-0.092225,
-2.274766,0.116612,
-2.203676,0.119794,
-2.136105,0.122076,
-2.071616,0.122970,
-2.009857,0.123042,
-1.950279,0.122734,
-1.892638,0.121835,
-1.836695,0.119889,
-1.781588,0.116111,
-1.725789,0.109309,
-1.666863,0.097315,
-1.601726,0.078560,
-1.531250,0.054792,
-1.458110,0.030938,
-1.376859,0.015250,
-1.281701,0.010008,
-1.177566,0.012577,
-1.074949,0.021320,
-0.974566,0.035367,
-0.877647,0.052345,
-0.786457,0.067214,
-0.709983,0.077065,
-0.654250,0.087262,
-0.617851,0.102732,
-0.585638,0.117327,
-0.535143,0.121291,
-0.460464,0.118460,
-0.370641,0.113903,
-0.280087,0.110166,
-0.186338,0.107182,
-0.089651,0.105257,
0.008722,0.104503,
0.108406,0.104055,
0.208884,0.103364,
0.310023,0.102414,
0.411601,0.101901,
0.513555,0.104528,
0.600129,0.108125,
0.663462,0.110515,
0.716875,0.105758,
0.777791,0.097426,
0.854530,0.090395,
0.937292,0.087089,
1.011751,0.088374,
1.092202,0.088778,
1.190784,0.078270,
1.290019,0.069457,
1.388030,0.061256,
1.484355,0.044701,
1.569258,0.025271,
1.645042,0.001851,
1.717300,-0.025274,
1.789001,-0.048421,
1.858808,-0.064231,
1.922210,-0.071760,
1.984154,-0.073972,
2.045843,-0.075873,
2.109389,-0.078121,
2.160728,-0.244609,
2.227459,-0.254748,
2.298189,-0.265735,
-2.255418,-0.059385,
-2.184643,-0.049258,
-2.117375,-0.041176,
-2.052943,-0.034805,
-1.990838,-0.029863,
-1.930795,-0.026554,
-1.872249,-0.024929,
-1.814830,-0.025126,
-1.758515,-0.027162,
-1.702688,-0.031333,
-1.646718,-0.038753,
-1.589507,-0.050952,
-1.530147,-0.070402,
-1.465616,-0.092465,
-1.388717,-0.106399,
-1.288841,-0.109837,
-1.181100,-0.105573,
-1.075748,-0.094825,
-0.972567,-0.080168,
-0.871425,-0.062804,
-0.773866,-0.043428,
-0.682924,-0.025739,
-0.606144,-0.012814,
-0.555315,-0.003455,
-0.523822,0.008858,
-0.488802,0.015440,
-0.434972,0.012129,
-0.363856,0.003225,
-0.283552,-0.006948,
-0.194818,-0.010837,
-0.094912,-0.010969,
0.007616,-0.010081,
0.111089,-0.009553,
0.215424,-0.009564,
0.320985,-0.009813,
0.428524,-0.010014,
0.531515,-0.006924,
0.611687,-0.001699,
0.672820,0.001724,
0.726440,0.001876,
0.784799,0.000920,
0.850675,-0.000495,
0.918882,-0.003245,
0.989018,-0.004315,
1.062950,-0.009527,
1.155791,-0.018925,
1.251867,-0.030469,
1.348176,-0.047210,
1.444702,-0.067494,
1.525900,-0.086900,
1.602877,-0.111508,
1.687232,-0.142760,
1.775008,-0.176880,
1.848155,-0.203888,
1.915395,-0.220598,
1.975325,-0.226901,
2.035280,-0.231326,
2.096789,-0.236714,
2.130379,-0.405658,
2.195084,-0.420851,
2.263707,-0.437855,
-2.217609,-0.233245,
-2.148706,-0.216375,
-2.082976,-0.202301,
-2.019878,-0.190559,
-1.958806,-0.181412,
-1.899195,-0.174259,
-1.841171,-0.169591,
-1.784101,-0.167665,
-1.728033,-0.168168,
-1.672976,-0.171225,
-1.619025,-0.177268,
-1.565987,-0.187581,
-1.512678,-0.203014,
-1.453649,-0.221869,
-1.380058,-0.234154,
-1.281960,-0.232582,
-1.174211,-0.223775,
-1.067749,-0.210256,
-0.962802,-0.193620,
-0.859799,-0.175601,
-0.759058,-0.157355,
-0.660625,-0.138074,
-0.568124,-0.119054,
-0.502639,-0.109002,
-0.461958,-0.100377,
-0.429906,-0.092642,
-0.390820,-0.091572,
-0.339528,-0.099530,
-0.277645,-0.113019,
-0.201058,-0.122359,
-0.100951,-0.123569,
0.006360,-0.121772,
0.112996,-0.120703,
0.219889,-0.120011,
0.328099,-0.119504,
0.438822,-0.118212,
0.537548,-0.115777,
0.613389,-0.110404,
0.674277,-0.104854,
0.728921,-0.100095,
0.784650,-0.095865,
0.843206,-0.094304,
0.904483,-0.094798,
0.967681,-0.096800,
1.038447,-0.102412,
1.117914,-0.114633,
1.210051,-0.131691,
1.301195,-0.148624,
1.388177,-0.168828,
1.472617,-0.192210,
1.556148,-0.220796,
1.645806,-0.257222,
1.740294,-0.297006,
1.822667,-0.332755,
1.890390,-0.358740,
1.951918,-0.375215,
2.010148,-0.383179,
2.069205,-0.393499,
2.083445,-0.563358,
2.145253,-0.582114,
2.210078,-0.606557,
-2.161827,-0.403593,
-2.096289,-0.380165,
-2.033510,-0.360332,
-1.972711,-0.344113,
-1.913632,-0.330321,
-1.855802,-0.319794,
-1.799102,-0.312919,
-1.743513,-0.308620,
-1.688616,-0.307386,
-1.634754,-0.309495,
-1.581954,-0.314913,
-1.530139,-0.323979,
-1.478124,-0.336629,
-1.422157,-0.351229,
-1.352721,-0.360727,
-1.262833,-0.356634,
-1.156902,-0.342472,
-1.050829,-0.324328,
-0.945417,-0.305017,
-0.841243,-0.285825,
-0.738413,-0.267159,
-0.637426,-0.249610,
-0.539250,-0.231852,
-0.468811,-0.218395,
-0.422594,-0.210719,
-0.386514,-0.205384,
-0.350786,-0.203496,
-0.310591,-0.208872,
-0.261920,-0.221645,
-0.195592,-0.231423,
-0.102133,-0.232510,
0.006887,-0.231183,
0.114659,-0.229893,
0.222281,-0.229122,
0.330101,-0.228066,
0.438739,-0.226041,
0.532713,-0.222201,
0.612172,-0.217572,
0.671656,-0.210744,
0.725383,-0.202134,
0.778546,-0.195328,
0.832828,-0.191544,
0.888800,-0.190144,
0.947587,-0.190358,
1.011228,-0.194069,
1.081825,-0.203441,
1.158420,-0.218665,
1.240530,-0.238679,
1.324268,-0.260938,
1.413946,-0.290917,
1.507088,-0.327304,
1.600010,-0.368438,
1.693818,-0.414127,
1.779128,-0.457099,
1.848696,-0.490530,
1.910114,-0.513891,
1.966895,-0.530137,
2.023424,-0.545556,
2.019759,-0.709596,
2.075968,-0.736036,
2.135896,-0.765895,
-2.088349,-0.568282,
-2.027449,-0.539340,
-1.968654,-0.514625,
-1.911487,-0.493540,
-1.855074,-0.476620,
-1.799654,-0.463859,
-1.745202,-0.454247,
-1.691435,-0.447771,
-1.638209,-0.444633,
-1.585346,-0.445222,
-1.532796,-0.449521,
-1.480463,-0.456992,
-1.427760,-0.467095,
-1.372571,-0.477892,
-1.308724,-0.484447,
-1.228552,-0.479381,
-1.129287,-0.459887,
-1.024614,-0.436303,
-0.920305,-0.413877,
-0.816445,-0.393240,
-0.713681,-0.374509,
-0.611236,-0.357171,
-0.518265,-0.341814,
-0.450526,-0.328711,
-0.403326,-0.321145,
-0.364887,-0.318495,
-0.327672,-0.318135,
-0.288653,-0.322835,
-0.243826,-0.332359,
-0.182899,-0.340863,
-0.096278,-0.341551,
0.009990,-0.339470,
0.116718,-0.337989,
0.223128,-0.337527,
0.329052,-0.337998,
0.429997,-0.335756,
0.526944,-0.332599,
0.604067,-0.327383,
0.663273,-0.315782,
0.715519,-0.304870,
0.766154,-0.296888,
0.817109,-0.292191,
0.869119,-0.289305,
0.922649,-0.287876,
0.978186,-0.288959,
1.036975,-0.294707,
1.101845,-0.307218,
1.177211,-0.327171,
1.265341,-0.359047,
1.358295,-0.397206,
1.451199,-0.438095,
1.543865,-0.481076,
1.635730,-0.526865,
1.721785,-0.575217,
1.793112,-0.617223,
1.852287,-0.647544,
1.908794,-0.669452,
1.963682,-0.686893,
1.932877,-0.852084,
1.984477,-0.882263,
2.037648,-0.918039,
-1.996460,-0.726906,
-1.941617,-0.693048,
-1.887966,-0.663984,
-1.835000,-0.639725,
-1.782468,-0.620082,
-1.730168,-0.604524,
-1.678337,-0.592621,
-1.626848,-0.584067,
-1.575490,-0.578926,
-1.523777,-0.577520,
-1.471474,-0.579717,
-1.418556,-0.585220,
-1.364755,-0.593376,
-1.309354,-0.602380,
-1.249502,-0.606531,
-1.178206,-0.597634,
-1.089014,-0.573724,
-0.988503,-0.545244,
-0.887314,-0.519944,
-0.786052,-0.498017,
-0.684531,-0.479960,
-0.586497,-0.464177,
-0.504137,-0.449183,
-0.442571,-0.435759,
-0.395510,-0.429195,
-0.353871,-0.427159,
-0.313265,-0.427530,
-0.271340,-0.431537,
-0.224719,-0.439836,
-0.165274,-0.448041,
-0.085258,-0.450326,
0.015106,-0.447351,
0.119222,-0.445286,
0.223326,-0.446032,
0.326166,-0.447830,
0.419860,-0.447941,
0.513562,-0.444319,
0.584035,-0.430239,
0.644202,-0.418536,
0.696115,-0.407476,
0.745026,-0.399879,
0.793684,-0.394925,
0.842575,-0.391670,
0.891683,-0.389984,
0.940711,-0.390817,
0.991368,-0.395407,
1.049675,-0.407635,
1.121727,-0.429852,
1.211448,-0.466464,
1.301976,-0.505633,
1.391412,-0.546194,
1.479700,-0.589452,
1.566219,-0.636221,
1.650504,-0.686950,
1.724273,-0.734689,
1.782676,-0.770859,
1.834948,-0.799170,
1.883050,-0.824912,
1.825221,-0.982886,
1.873568,-1.016573,
1.921767,-1.056005,
-1.886021,-0.877637,
-1.837998,-0.840140,
-1.790455,-0.807939,
-1.742709,-0.781036,
-1.694632,-0.758921,
-1.646311,-0.741070,
-1.597776,-0.727043,
-1.549068,-0.716542,
-1.499998,-0.709404,
-1.450238,-0.705704,
-1.399266,-0.705642,
-1.346943,-0.709363,
-1.293243,-0.716260,
-1.238077,-0.724039,
-1.180557,-0.724815,
-1.115450,-0.710696,
-1.035203,-0.682960,
-0.942109,-0.650508,
-0.846632,-0.622876,
-0.749398,-0.600707,
-0.653294,-0.582937,
-0.566870,-0.566567,
-0.496385,-0.550254,
-0.439727,-0.538301,
-0.391643,-0.531507,
-0.345997,-0.528485,
-0.300469,-0.528263,
-0.254079,-0.531452,
-0.204040,-0.538971,
-0.144367,-0.547961,
-0.069168,-0.554513,
0.021659,-0.554054,
0.121797,-0.552551,
0.221723,-0.553517,
0.317743,-0.552394,
0.405062,-0.544965,
0.483464,-0.537071,
0.553782,-0.525685,
0.613334,-0.514802,
0.666610,-0.506540,
0.716900,-0.500453,
0.765704,-0.496919,
0.813586,-0.495796,
0.859823,-0.496063,
0.905368,-0.497872,
0.952780,-0.503417,
1.007262,-0.516966,
1.073287,-0.541689,
1.158284,-0.576942,
1.242797,-0.613745,
1.326768,-0.652843,
1.409697,-0.695161,
1.490794,-0.741497,
1.569499,-0.792622,
1.639999,-0.842150,
1.694868,-0.880890,
1.738894,-0.915551,
1.780797,-0.951685,
1.705378,-1.097249,
1.752904,-1.131726,
1.791218,-1.175632,
-1.757413,-1.017842,
-1.716584,-0.978383,
-1.675442,-0.944530,
-1.633442,-0.915978,
-1.590518,-0.892163,
-1.546783,-0.872536,
-1.502310,-0.856742,
-1.457106,-0.844480,
-1.411096,-0.835500,
-1.364059,-0.829819,
-1.315647,-0.827762,
-1.265454,-0.829629,
-1.213288,-0.834836,
-1.159514,-0.839723,
-1.104249,-0.835518,
-1.043221,-0.817232,
-0.970374,-0.786676,
-0.886043,-0.751353,
-0.797694,-0.722882,
-0.708489,-0.700251,
-0.624617,-0.680022,
-0.551903,-0.661461,
-0.489582,-0.645840,
-0.435441,-0.634097,
-0.385047,-0.626464,
-0.335873,-0.622096,
-0.286481,-0.620708,
-0.235761,-0.622446,
-0.182032,-0.627864,
-0.121520,-0.636741,
-0.050630,-0.644376,
0.030424,-0.651430,
0.123288,-0.652936,
0.215638,-0.648285,
0.300840,-0.640064,
0.379458,-0.629797,
0.450803,-0.618602,
0.515523,-0.609916,
0.574894,-0.603091,
0.629824,-0.598265,
0.681811,-0.595707,
0.731701,-0.595532,
0.779916,-0.597567,
0.826858,-0.601303,
0.873316,-0.606263,
0.920648,-0.613461,
0.972774,-0.628047,
1.033185,-0.652804,
1.106563,-0.685608,
1.182488,-0.721322,
1.258656,-0.758695,
1.334239,-0.798679,
1.408367,-0.842887,
1.480235,-0.891627,
1.541510,-0.934705,
1.589415,-0.973189,
1.626981,-1.010808,
1.660875,-1.050141,
1.590431,-1.178340,
1.616772,-1.222750,
1.644069,-1.268675,
-1.610160,-1.145612,
-1.576738,-1.106010,
-1.541932,-1.072123,
-1.505842,-1.043197,
-1.468439,-1.018574,
-1.429801,-0.997829,
-1.389996,-0.980716,
-1.349057,-0.967003,
-1.306955,-0.956462,
-1.263561,-0.949047,
-1.218519,-0.945005,
-1.171425,-0.944387,
-1.121971,-0.946026,
-1.070924,-0.945355,
-1.018416,-0.935848,
-0.961420,-0.915472,
-0.896328,-0.883942,
-0.820542,-0.845487,
-0.742729,-0.816968,
-0.667262,-0.790950,
-0.597509,-0.768890,
-0.534236,-0.750254,
-0.477046,-0.735231,
-0.423562,-0.723601,
-0.371774,-0.714800,
-0.320508,-0.708632,
-0.268990,-0.705196,
-0.216080,-0.704670,
-0.160343,-0.707210,
-0.099916,-0.712512,
-0.032843,-0.719247,
0.042169,-0.723483,
0.121146,-0.723660,
0.200953,-0.719901,
0.277786,-0.711624,
0.349143,-0.701480,
0.415173,-0.692552,
0.476616,-0.686536,
0.534250,-0.683358,
0.589090,-0.683194,
0.641086,-0.684999,
0.691332,-0.688770,
0.740227,-0.694300,
0.788595,-0.701642,
0.837162,-0.710599,
0.886891,-0.721384,
0.939406,-0.735981,
0.997165,-0.756714,
1.058463,-0.783805,
1.123267,-0.816205,
1.189380,-0.851585,
1.255154,-0.889838,
1.319605,-0.931212,
1.379214,-0.975293,
1.429549,-1.012485,
1.469860,-1.048229,
1.503644,-1.086089,
1.546375,-1.132949,
1.439922,-1.242671,
1.462234,-1.285971,
1.479049,-1.332033,
-1.442293,-1.259849,
-1.416361,-1.221866,
-1.387902,-1.189206,
-1.357708,-1.160894,
-1.325943,-1.136298,
-1.292642,-1.115141,
-1.257874,-1.097226,
-1.221677,-1.082328,
-1.184080,-1.070241,
-1.144918,-1.060901,
-1.103997,-1.054137,
-1.061065,-1.049369,
-1.016140,-1.045017,
-0.969923,-1.037546,
-0.922035,-1.023369,
-0.869653,-1.002434,
-0.811701,-0.969556,
-0.747442,-0.928912,
-0.685173,-0.899403,
-0.623282,-0.873012,
-0.563746,-0.851118,
-0.507129,-0.833132,
-0.453051,-0.818532,
-0.400784,-0.806540,
-0.349595,-0.796942,
-0.298595,-0.789367,
-0.247118,-0.783729,
-0.194519,-0.780210,
-0.139641,-0.778741,
-0.081527,-0.779252,
-0.019187,-0.780585,
0.046763,-0.781302,
0.115295,-0.780070,
0.184265,-0.776407,
0.251955,-0.770863,
0.316704,-0.764759,
0.377644,-0.760022,
0.435130,-0.757986,
0.489804,-0.758518,
0.542118,-0.760919,
0.593060,-0.767825,
0.642555,-0.774910,
0.691018,-0.784027,
0.738937,-0.794780,
0.786962,-0.807182,
0.836035,-0.821547,
0.886891,-0.838046,
0.939438,-0.857636,
0.993951,-0.880839,
1.049687,-0.907710,
1.106215,-0.937957,
1.161900,-0.971125,
1.214672,-1.006369,
1.260821,-1.044921,
1.301897,-1.082375,
1.341478,-1.118068,
1.384266,-1.153815,
1.419067,-1.202240,
1.269514,-1.298439,
1.286296,-1.338182,
1.298771,-1.378685,
-1.250740,-1.359526,
-1.231996,-1.324603,
-1.210045,-1.293906,
-1.185875,-1.266716,
-1.159749,-1.242636,
-1.131720,-1.221487,
-1.101966,-1.202930,
-1.070688,-1.186673,
-1.037848,-1.172542,
-1.003516,-1.160157,
-0.967697,-1.149056,
-0.930434,-1.138469,
-0.892004,-1.127146,
-0.852914,-1.113161,
-0.812556,-1.095148,
-0.768933,-1.073338,
-0.720222,-1.041490,
-0.670439,-1.003343,
-0.620143,-0.974192,
-0.568518,-0.948690,
-0.516783,-0.927522,
-0.465395,-0.910668,
-0.415162,-0.896271,
-0.365953,-0.884691,
-0.317291,-0.874414,
-0.268784,-0.865469,
-0.219779,-0.857690,
-0.169769,-0.851074,
-0.118253,-0.845719,
-0.064848,-0.841549,
-0.009263,-0.838360,
0.048269,-0.835569,
0.107039,-0.832712,
0.166210,-0.829605,
0.224614,-0.826566,
0.281469,-0.824334,
0.336269,-0.823756,
0.388873,-0.825319,
0.439641,-0.829107,
0.488854,-0.834964,
0.536532,-0.844137,
0.582818,-0.853798,
0.628239,-0.865544,
0.673179,-0.879277,
0.717889,-0.894902,
0.762544,-0.912320,
0.807324,-0.931575,
0.852366,-0.952889,
0.897653,-0.976226,
0.943165,-1.001442,
0.988634,-1.028522,
1.033061,-1.057460,
1.074954,-1.088471,
1.114016,-1.120919,
1.151057,-1.154806,
1.187103,-1.189216,
1.219782,-1.224294,
1.246819,-1.258886,
1.077229,-1.357813,
1.092430,-1.391083,
1.103238,-1.425179,
-1.034439,-1.442453,
-1.022330,-1.411351,
-1.007061,-1.383040,
-0.988855,-1.357348,
-0.968203,-1.333939,
-0.945581,-1.312433,
-0.921239,-1.292569,
-0.895327,-1.274091,
-0.868049,-1.256652,
-0.839576,-1.239800,
-0.810093,-1.223174,
-0.779864,-1.206165,
-0.749141,-1.188056,
-0.717925,-1.168120,
-0.685631,-1.145736,
-0.652095,-1.119845,
-0.617241,-1.093438,
-0.580030,-1.065703,
-0.539035,-1.039937,
-0.496425,-1.017205,
-0.452229,-0.998985,
-0.407576,-0.983870,
-0.363051,-0.970459,
-0.318612,-0.958653,
-0.274450,-0.947799,
-0.230266,-0.937600,
-0.185768,-0.928084,
-0.140593,-0.919289,
-0.094516,-0.911359,
-0.047422,-0.904531,
0.000642,-0.898816,
0.049528,-0.894218,
0.098957,-0.890664,
0.148460,-0.888111,
0.197714,-0.886735,
0.246405,-0.886931,
0.294172,-0.889017,
0.340765,-0.893037,
0.386176,-0.898921,
0.430409,-0.906793,
0.473491,-0.916480,
0.515799,-0.928277,
0.557240,-0.941753,
0.597836,-0.957163,
0.637674,-0.974508,
0.676704,-0.993825,
0.714924,-1.014957,
0.752274,-1.037727,
0.788651,-1.062199,
0.823943,-1.088147,
0.858016,-1.115409,
0.890786,-1.143823,
0.922267,-1.173056,
0.952500,-1.203039,
0.981534,-1.233094,
1.009085,-1.263353,
1.034726,-1.294041,
1.057913,-1.325867,
0.883983,-1.416659,
0.894124,-1.444926,
0.901980,-1.473761,
-0.803579,-1.505049,
-0.796375,-1.477745,
-0.786808,-1.451972,
-0.774895,-1.427576,
-0.760868,-1.404384,
-0.744973,-1.382276,
-0.727560,-1.360854,
-0.708926,-1.339744,
-0.689202,-1.318827,
-0.668486,-1.297993,
-0.646876,-1.276992,
-0.624508,-1.255756,
-0.601500,-1.234237,
-0.577878,-1.212162,
-0.553463,-1.189531,
-0.527504,-1.167071,
-0.499102,-1.144973,
-0.469770,-1.122203,
-0.439784,-1.099772,
-0.406099,-1.082694,
-0.370515,-1.067863,
-0.334054,-1.054473,
-0.297035,-1.042370,
-0.259781,-1.031065,
-0.222335,-1.020297,
-0.184649,-1.009987,
-0.146594,-1.000201,
-0.107982,-0.991001,
-0.068804,-0.982758,
-0.028863,-0.975511,
0.011629,-0.969748,
0.052480,-0.965396,
0.093573,-0.962416,
0.134797,-0.960860,
0.176009,-0.960799,
0.216965,-0.962219,
0.257699,-0.965311,
0.298133,-0.970582,
0.337701,-0.977756,
0.376303,-0.986398,
0.414125,-0.996618,
0.451077,-1.008421,
0.487241,-1.021976,
0.522604,-1.037390,
0.557002,-1.054600,
0.590351,-1.073576,
0.622515,-1.094307,
0.653362,-1.116658,
0.682743,-1.140258,
0.710570,-1.165223,
0.736696,-1.191384,
0.760993,-1.218675,
0.783470,-1.246835,
0.804069,-1.275181,
0.822926,-1.304134,
0.840486,-1.332839,
0.856884,-1.360984,
0.871549,-1.388648,
0.704549,-1.458632,
0.708174,-1.483169,
0.711001,-1.508026,
-0.585869,-1.540637,
-0.583103,-1.516642,
-0.578920,-1.493571,
-0.573054,-1.471263,
-0.565413,-1.449419,
-0.556585,-1.427407,
-0.546868,-1.405397,
-0.536039,-1.383727,
-0.523948,-1.362363,
-0.510646,-1.341200,
-0.495965,-1.320558,
-0.479885,-1.300239,
-0.462763,-1.279711,
-0.444631,-1.259403,
-0.425364,-1.239746,
-0.404925,-1.220921,
-0.383300,-1.203203,
-0.360859,-1.184619,
-0.336487,-1.167238,
-0.309890,-1.153804,
-0.282479,-1.141271,
-0.254205,-1.129725,
-0.225277,-1.118987,
-0.195830,-1.108891,
-0.165920,-1.099348,
-0.135545,-1.090359,
-0.104591,-1.081864,
-0.072905,-1.074025,
-0.040748,-1.067486,
-0.008124,-1.062026,
0.024879,-1.057633,
0.058199,-1.054430,
0.091766,-1.052534,
0.125466,-1.052045,
0.159209,-1.053022,
0.192842,-1.055491,
0.226272,-1.059522,
0.259428,-1.065030,
0.292087,-1.071790,
0.324114,-1.079886,
0.355457,-1.089444,
0.386086,-1.100453,
0.415924,-1.112929,
0.444905,-1.126915,
0.472933,-1.142355,
0.499892,-1.159223,
0.525676,-1.177485,
0.550150,-1.197043,
0.573173,-1.217719,
0.594659,-1.239493,
0.614512,-1.262220,
0.632649,-1.285784,
0.648911,-1.310000,
0.663237,-1.334493,
0.675514,-1.359355,
0.685494,-1.384554,
0.693400,-1.409721,
0.699685,-1.434257,
0.530356,-1.473275,
0.529987,-1.492269,
0.528314,-1.511445,
-0.389766,-1.540000,
-0.391998,-1.521179,
-0.392630,-1.502708,
-0.391964,-1.484520,
-0.390185,-1.466457,
-0.387070,-1.448485,
-0.382379,-1.430618,
-0.376178,-1.412980,
-0.368625,-1.395614,
-0.359798,-1.378509,
-0.349789,-1.361810,
-0.338762,-1.345465,
-0.326732,-1.329339,
-0.313563,-1.313622,
-0.299269,-1.298418,
-0.283904,-1.283845,
-0.267555,-1.269889,
-0.250227,-1.256781,
-0.231943,-1.244626,
-0.212655,-1.233524,
-0.192533,-1.223255,
-0.171713,-1.213735,
-0.150251,-1.204933,
-0.128192,-1.196819,
-0.105574,-1.189375,
-0.082423,-1.182643,
-0.058754,-1.176575,
-0.034595,-1.171158,
-0.010028,-1.166521,
0.014880,-1.162798,
0.040086,-1.160058,
0.065520,-1.158345,
0.091095,-1.157691,
0.116730,-1.158112,
0.142334,-1.159627,
0.167836,-1.162255,
0.193122,-1.165974,
0.218118,-1.170801,
0.242741,-1.176749,
0.266935,-1.183785,
0.290564,-1.191843,
0.313582,-1.200961,
0.335887,-1.211112,
0.357409,-1.222288,
0.378059,-1.234471,
0.397757,-1.247614,
0.416419,-1.261693,
0.433949,-1.276634,
0.450270,-1.292388,
0.465270,-1.308819,
0.478863,-1.325876,
0.490938,-1.343415,
0.501435,-1.361355,
0.510316,-1.379608,
0.517572,-1.398045,
0.523207,-1.416728,
0.527138,-1.435559,
0.529439,-1.454398,
0.343084,-1.457419,
0.341864,-1.467228,
0.339683,-1.476815,
-0.198577,-1.494800,
-0.201314,-1.485438,
-0.203113,-1.475714,
-0.203923,-1.465935,
-0.203810,-1.455848,
-0.202766,-1.445826,
-0.200878,-1.435713,
-0.198141,-1.425603,
-0.194562,-1.415564,
-0.190151,-1.405521,
-0.184917,-1.395626,
-0.178867,-1.385856,
-0.172020,-1.376269,
-0.164419,-1.366954,
-0.156069,-1.357875,
-0.147001,-1.349124,
-0.137224,-1.340709,
-0.126755,-1.332632,
-0.115648,-1.324961,
-0.103932,-1.317654,
-0.091631,-1.310783,
-0.078758,-1.304360,
-0.065377,-1.298429,
-0.051511,-1.292994,
-0.037188,-1.288073,
-0.022468,-1.283696,
-0.007406,-1.279894,
0.007978,-1.276689,
0.023639,-1.274115,
0.039498,-1.272195,
0.055518,-1.270936,
0.071664,-1.270362,
0.087838,-1.270493,
0.103980,-1.271327,
0.120051,-1.272863,
0.135999,-1.275111,
0.151698,-1.278031,
0.167164,-1.281633,
0.182280,-1.285863,
0.197057,-1.290774,
0.211330,-1.296227,
0.225155,-1.302305,
0.238410,-1.308897,
0.251087,-1.316030,
0.263099,-1.323620,
0.274408,-1.331630,
0.284990,-1.340085,
0.294777,-1.348878,
0.303740,-1.358038,
0.311823,-1.367399,
0.319028,-1.377084,
0.325311,-1.386907,
0.330670,-1.396926,
0.335083,-1.407015,
0.338554,-1.417135,
0.341077,-1.427321,
0.342673,-1.437419,
0.343345,-1.447503,
0.068962,-1.396396,
-0.824918,1.576553,
-0.820307,1.585611,
-0.814711,1.594115,
-0.808186,1.602020,
-0.800871,1.609310,
-0.792865,1.615894,
-0.784294,1.621690,
-0.775345,1.626775,
-0.766117,1.631211,
-0.756591,1.634836,
-0.746770,1.637462,
-0.736740,1.639081,
-0.726627,1.639694,
-0.716582,1.639187,
-0.706744,1.637576,
-0.697175,1.635096,
-0.687883,1.631908,
-0.678924,1.627960,
-0.670378,1.623176,
-0.662288,1.617602,
-0.654662,1.611353,
-0.647506,1.604536,
-0.640842,1.597237,
-0.634678,1.589511,
-0.628988,1.581399,
-0.623744,1.572923,
-0.618964,1.564087,
-0.614689,1.554896,
-0.610922,1.545387,
-0.607582,1.535595,
-0.604508,1.525543,
-0.601555,1.515218,
-0.367295,1.511820,
-0.598720,1.504602,
-0.197946,1.476181,
-0.596052,1.493684,
-0.593422,1.482417,
-0.005098,1.438932,
0,0,1773,1772,
0,0,1772,1771,
0,0,4,5,
0,0,5,6,
0,0,6,7,
0,0,7,8,
0,0,8,9,
0,0,9,10,
0,0,10,11,
0,0,11,12,
0,0,12,13,
0,0,13,14,
0,0,14,15,
0,0,15,16,
0,0,16,17,
0,0,17,18,
0,0,18,19,
0,0,19,20,
0,0,20,21,
0,0,21,22,
0,0,22,23,
0,0,23,24,
0,0,24,25,
0,0,25,26,
0,0,26,27,
0,0,27,28,
0,0,28,29,
0,0,29,1807,
0,0,1807,1806,
0,0,1806,1804,
0,0,1804,1802,
0,0,1802,1801,
0,0,1801,1800,
0,0,1800,1799,
0,0,1799,1798,
0,0,1798,1797,
0,0,1797,1796,
0,0,1796,1795,
0,0,1795,1794,
0,0,1794,1793,
0,0,1793,1792,
0,0,1792,1791,
0,0,1791,1790,
0,0,1790,1789,
0,0,1789,1788,
0,0,1788,1787,
0,0,1787,1786,
0,0,1786,1785,
0,0,1785,1784,
0,0,1784,1783,
0,0,1783,1782,
0,0,1782,1781,
0,0,1781,1780,
0,0,1780,1779,
0,0,1779,1778,
0,0,1778,1777,
0,0,1777,1776,
0,0,1776,1775,
0,0,1775,1774,
0,0,1774,1773,
2,1,62,63,
3,2,63,64,
5,4,65,66,
6,5,66,67,
7,6,67,68,
8,7,68,69,
9,8,69,70,
10,9,70,71,
11,10,71,72,
12,11,72,73,
13,12,73,74,
14,13,74,75,
15,14,75,76,
16,15,76,77,
17,16,77,78,
18,17,78,79,
19,18,79,80,
20,19,80,81,
21,20,81,82,
22,21,82,83,
23,22,83,84,
24,23,84,85,
25,24,85,86,
26,25,86,87,
27,26,87,88,
28,27,88,89,
29,28,89,90,
30,29,90,91,
31,30,91,92,
32,31,92,93,
33,32,93,94,
34,33,94,95,
35,34,95,96,
36,35,96,97,
37,36,97,98,
38,37,98,99,
1803,38,99,1805,
40,39,100,101,
41,40,101,102,
42,41,102,103,
43,42,103,104,
44,43,104,105,
45,44,105,106,
46,45,106,107,
47,46,107,108,
48,47,108,109,
49,48,109,110,
50,49,110,111,
51,50,111,112,
52,51,112,113,
53,52,113,114,
54,53,114,115,
55,54,115,116,
56,55,116,117,
57,56,117,118,
58,57,118,119,
59,58,119,120,
60,59,120,121,
61,60,121,122,
1,61,122,62,
63,62,123,124,
64,63,124,125,
66,65,126,127,
67,66,127,128,
68,67,128,129,
69,68,129,130,
70,69,130,131,
71,70,131,132,
72,71,132,133,
73,72,133,134,
74,73,134,135,
75,74,135,136,
76,75,136,137,
77,76,137,138,
78,77,138,139,
79,78,139,140,
80,79,140,141,
81,80,141,142,
82,81,142,143,
83,82,143,144,
84,83,144,145,
85,84,145,146,
86,85,146,147,
87,86,147,148,
88,87,148,149,
89,88,149,150,
90,89,150,151,
91,90,151,152,
92,91,152,153,
93,92,153,154,
94,93,154,155,
95,94,155,156,
96,95,156,157,
97,96,157,158,
98,97,158,159,
99,98,159,160,
1805,99,160,1808,
101,100,161,162,
102,101,162,163,
103,102,163,164,
104,103,164,165,
105,104,165,166,
106,105,166,167,
107,106,167,168,
108,107,168,169,
109,108,169,170,
110,109,170,171,
111,110,171,172,
112,111,172,173,
113,112,173,174,
114,113,174,175,
115,114,175,176,
116,115,176,177,
117,116,177,178,
118,117,178,179,
119,118,179,180,
120,119,180,181,
121,120,181,182,
122,121,182,183,
62,122,183,123,
124,123,184,185,
125,124,185,186,
127,126,187,188,
128,127,188,189,
129,128,189,190,
130,129,190,191,
131,130,191,192,
132,131,192,193,
133,132,193,194,
134,133,194,195,
135,134,195,196,
136,135,196,197,
137,136,197,198,
138,137,198,199,
139,138,199,200,
140,139,200,201,
141,140,201,202,
142,141,202,203,
143,142,203,204,
144,143,204,205,
145,144,205,206,
146,145,206,207,
147,146,207,208,
148,147,208,209,
149,148,209,210,
150,149,210,211,
151,150,211,212,
152,151,212,213,
153,152,213,214,
154,153,214,215,
155,154,215,216,
156,155,216,217,
157,156,217,218,
158,157,218,219,
159,158,219,220,
160,159,220,221,
1808,160,221,222,
162,161,222,223,
163,162,223,224,
164,163,224,225,
165,164,225,226,
166,165,226,227,
167,166,227,228,
168,167,228,229,
169,168,229,230,
170,169,230,231,
171,170,231,232,
172,171,232,233,
173,172,233,234,
174,173,234,235,
175,174,235,236,
176,175,236,237,
177,176,237,238,
178,177,238,239,
179,178,239,240,
180,179,240,241,
181,180,241,242,
182,181,242,243,
183,182,243,244,
123,183,244,184,
185,184,245,246,
186,185,246,247,
188,187,248,249,
189,188,249,250,
190,189,250,251,
191,190,251,252,
192,191,252,253,
193,192,253,254,
194,193,254,255,
195,194,255,256,
196,195,256,257,
197,196,257,258,
198,197,258,259,
199,198,259,260,
200,199,260,261,
201,200,261,262,
202,201,262,263,
203,202,263,264,
204,203,264,265,
205,204,265,266,
206,205,266,267,
207,206,267,268,
208,207,268,269,
209,208,269,270,
210,209,270,271,
211,210,271,272,
212,211,272,273,
213,212,273,274,
214,213,274,275,
215,214,275,276,
216,215,276,277,
217,216,277,278,
218,217,278,279,
219,218,279,280,
220,219,280,281,
221,220,281,282,
222,221,282,283,
223,222,283,284,
224,223,284,285,
225,224,285,286,
226,225,286,287,
227,226,287,288,
228,227,288,289,
229,228,289,290,
230,229,290,291,
231,230,291,292,
232,231,292,293,
233,232,293,294,
234,233,294,295,
235,234,295,296,
236,235,296,297,
237,236,297,298,
238,237,298,299,
239,238,299,300,
240,239,300,301,
241,240,301,302,
242,241,302,303,
243,242,303,304,
244,243,304,305,
184,244,305,245,
246,245,306,307,
247,246,307,308,
249,248,309,310,
250,249,310,311,
251,250,311,312,
252,251,312,313,
253,252,313,314,
254,253,314,315,
255,254,315,316,
256,255,316,317,
257,256,317,318,
258,257,318,319,
259,258,319,320,
260,259,320,321,
261,260,321,322,
262,261,322,323,
263,262,323,324,
264,263,324,325,
265,264,325,326,
266,265,326,327,
267,266,327,328,
268,267,328,329,
269,268,329,330,
270,269,330,331,
271,270,331,332,
272,271,332,333,
273,272,333,334,
274,273,334,335,
275,274,335,336,
276,275,336,337,
277,276,337,338,
278,277,338,339,
279,278,339,340,
280,279,340,341,
281,280,341,342,
282,281,342,343,
283,282,343,344,
284,283,344,345,
285,284,345,346,
286,285,346,347,
287,286,347,348,
288,287,348,349,
289,288,349,350,
290,289,350,351,
291,290,351,352,
292,291,352,353,
293,292,353,354,
294,293,354,355,
295,294,355,356,
296,295,356,357,
297,296,357,358,
298,297,358,359,
299,298,359,360,
300,299,360,361,
301,300,361,362,
302,301,362,363,
303,302,363,364,
304,303,364,365,
305,304,365,366,
245,305,366,306,
307,306,367,368,
308,307,368,369,
310,309,370,371,
311,310,371,372,
312,311,372,373,
313,312,373,374,
314,313,374,375,
315,314,375,376,
316,315,376,377,
317,316,377,378,
318,317,378,379,
319,318,379,380,
320,319,380,381,
321,320,381,382,
322,321,382,383,
323,322,383,384,
324,323,384,385,
325,324,385,386,
326,325,386,387,
327,326,387,388,
328,327,388,389,
329,328,389,390,
330,329,390,391,
331,330,391,392,
332,331,392,393,
333,332,393,394,
334,333,394,395,
335,334,395,396,
336,335,396,397,
337,336,397,398,
338,337,398,399,
339,338,399,400,
340,339,400,401,
341,340,401,402,
342,341,402,403,
343,342,403,404,
344,343,404,405,
345,344,405,406,
346,345,406,407,
347,346,407,408,
348,347,408,409,
349,348,409,410,
350,349,410,411,
351,350,411,412,
352,351,412,413,
353,352,413,414,
354,353,414,415,
355,354,415,416,
356,355,416,417,
357,356,417,418,
358,357,418,419,
359,358,419,420,
360,359,420,421,
361,360,421,422,
362,361,422,423,
363,362,423,424,
364,363,424,425,
365,364,425,426,
366,365,426,427,
306,366,427,367,
368,367,428,429,
369,368,429,430,
371,370,431,432,
372,371,432,433,
373,372,433,434,
374,373,434,435,
375,374,435,436,
376,375,436,437,
377,376,437,438,
378,377,438,439,
379,378,439,440,
380,379,440,441,
381,380,441,442,
382,381,442,443,
383,382,443,444,
384,383,444,445,
385,384,445,446,
386,385,446,447,
387,386,447,448,
388,387,448,449,
389,388,449,450,
390,389,450,451,
391,390,451,452,
392,391,452,453,
393,392,453,454,
394,393,454,455,
395,394,455,456,
396,395,456,457,
397,396,457,458,
398,397,458,459,
399,398,459,460,
400,399,460,461,
401,400,461,462,
402,401,462,463,
403,402,463,464,
404,403,464,465,
405,404,465,466,
406,405,466,467,
407,406,467,468,
408,407,468,469,
409,408,469,470,
410,409,470,471,
411,410,471,472,
412,411,472,473,
413,412,473,474,
414,413,474,475,
415,414,475,476,
416,415,476,477,
417,416,477,478,
418,417,478,479,
419,418,479,480,
420,419,480,481,
421,420,481,482,
422,421,482,483,
423,422,483,484,
424,423,484,485,
425,424,485,486,
426,425,486,487,
427,426,487,488,
367,427,488,428,
429,428,489,490,
430,429,490,491,
432,431,492,493,
433,432,493,494,
434,433,494,495,
435,434,495,496,
436,435,496,497,
437,436,497,498,
438,437,498,499,
439,438,499,500,
440,439,500,501,
441,440,501,502,
442,441,502,503,
443,442,503,504,
444,443,504,505,
445,444,505,506,
446,445,506,507,
447,446,507,508,
448,447,508,509,
449,448,509,510,
450,449,510,511,
451,450,511,512,
452,451,512,513,
453,452,513,514,
454,453,514,515,
455,454,515,516,
456,455,516,517,
457,456,517,518,
458,457,518,519,
459,458,519,520,
460,459,520,521,
461,460,521,522,
462,461,522,523,
463,462,523,524,
464,463,524,525,
465,464,525,526,
466,465,526,527,
467,466,527,528,
468,467,528,529,
469,468,529,530,
470,469,530,531,
471,470,531,532,
472,471,532,533,
473,472,533,534,
474,473,534,535,
475,474,535,536,
476,475,536,537,
477,476,537,538,
478,477,538,539,
479,478,539,540,
480,479,540,541,
481,480,541,542,
482,481,542,543,
483,482,543,544,
484,483,544,545,
485,484,545,546,
486,485,546,547,
487,486,547,548,
488,487,548,549,
428,488,549,489,
490,489,550,551,
491,490,551,552,
493,492,553,554,
494,493,554,555,
495,494,555,556,
496,495,556,557,
497,496,557,558,
498,497,558,559,
499,498,559,560,
500,499,560,561,
501,500,561,562,
502,501,562,563,
503,502,563,564,
504,503,564,565,
505,504,565,566,
506,505,566,567,
507,506,567,568,
508,507,568,569,
509,508,569,570,
510,509,570,571,
511,510,571,572,
512,511,572,573,
513,512,573,574,
514,513,574,575,
515,514,575,576,
516,515,576,577,
517,516,577,578,
518,517,578,579,
519,518,579,580,
520,519,580,581,
521,520,581,582,
522,521,582,583,
523,522,583,584,
524,523,584,585,
525,524,585,586,
526,525,586,587,
527,526,587,588,
528,527,588,589,
529,528,589,590,
530,529,590,591,
531,530,591,592,
532,531,592,593,
533,532,593,594,
534,533,594,595,
535,534,595,596,
536,535,596,597,
537,536,597,598,
538,537,598,599,
539,538,599,600,
540,539,600,601,
541,540,601,602,
542,541,602,603,
543,542,603,604,
544,543,604,605,
545,544,605,606,
546,545,606,607,
547,546,607,608,
548,547,608,609,
549,548,609,610,
489,549,610,550,
551,550,611,612,
552,551,612,613,
554,553,614,615,
555,554,615,616,
556,555,616,617,
557,556,617,618,
558,557,618,619,
559,558,619,620,
560,559,620,621,
561,560,621,622,
562,561,622,623,
563,562,623,624,
564,563,624,625,
565,564,625,626,
566,565,626,627,
567,566,627,628,
568,567,628,629,
569,568,629,630,
570,569,630,631,
571,570,631,632,
572,571,632,633,
573,572,633,634,
574,573,634,635,
575,574,635,636,
576,575,636,637,
577,576,637,638,
578,577,638,639,
579,578,639,640,
580,579,640,641,
581,580,641,642,
582,581,642,643,
583,582,643,644,
584,583,644,645,
585,584,645,646,
586,585,646,647,
587,586,647,648,
588,587,648,649,
589,588,649,650,
590,589,650,651,
591,590,651,652,
592,591,652,653,
593,592,653,654,
594,593,654,655,
595,594,655,656,
596,595,656,657,
597,596,657,658,
598,597,658,659,
599,598,659,660,
600,599,660,661,
601,600,661,662,
602,601,662,663,
603,602,663,664,
604,603,664,665,
605,604,665,666,
606,605,666,667,
607,606,667,668,
608,607,668,669,
609,608,669,670,
610,609,670,671,
550,610,671,611,
612,611,672,673,
613,612,673,674,
615,614,675,676,
616,615,676,677,
617,616,677,678,
618,617,678,679,
619,618,679,680,
620,619,680,681,
621,620,681,682,
622,621,682,683,
623,622,683,684,
624,623,684,685,
625,624,685,686,
626,625,686,687,
627,626,687,688,
628,627,688,689,
629,628,689,690,
630,629,690,691,
631,630,691,692,
632,631,692,693,
633,632,693,694,
634,633,694,695,
635,634,695,696,
636,635,696,697,
637,636,697,698,
638,637,698,699,
639,638,699,700,
640,639,700,701,
641,640,701,702,
642,641,702,703,
643,642,703,704,
644,643,704,705,
645,644,705,706,
646,645,706,707,
647,646,707,708,
648,647,708,709,
649,648,709,710,
650,649,710,711,
651,650,711,712,
652,651,712,713,
653,652,713,714,
654,653,714,715,
655,654,715,716,
656,655,716,717,
657,656,717,718,
658,657,718,719,
659,658,719,720,
660,659,720,721,
661,660,721,722,
662,661,722,723,
663,662,723,724,
664,663,724,725,
665,664,725,726,
666,665,726,727,
667,666,727,728,
668,667,728,729,
669,668,729,730,
670,669,730,731,
671,670,731,732,
611,671,732,672,
673,672,733,734,
674,673,734,735,
676,675,736,737,
677,676,737,738,
678,677,738,739,
679,678,739,740,
680,679,740,741,
681,680,741,742,
682,681,742,743,
683,682,743,744,
684,683,744,745,
685,684,745,746,
686,685,746,747,
687,686,747,748,
688,687,748,749,
689,688,749,750,
690,689,750,751,
691,690,751,752,
692,691,752,753,
693,692,753,754,
694,693,754,755,
695,694,755,756,
696,695,756,757,
697,696,757,758,
698,697,758,759,
699,698,759,760,
700,699,760,761,
701,700,761,762,
702,701,762,763,
703,702,763,764,
704,703,764,765,
705,704,765,766,
706,705,766,767,
707,706,767,768,
708,707,768,769,
709,708,769,770,
710,709,770,771,
711,710,771,772,
712,711,772,773,
713,712,773,774,
714,713,774,775,
715,714,775,776,
716,715,776,777,
717,716,777,778,
718,717,778,779,
719,718,779,780,
720,719,780,781,
721,720,781,782,
722,721,782,783,
723,722,783,784,
724,723,784,785,
725,724,785,786,
726,725,786,787,
727,726,787,788,
728,727,788,789,
729,728,789,790,
730,729,790,791,
731,730,791,792,
732,731,792,793,
672,732,793,733,
734,733,794,795,
735,734,795,796,
737,736,797,798,
738,737,798,799,
739,738,799,800,
740,739,800,801,
741,740,801,802,
742,741,802,803,
743,742,803,804,
744,743,804,805,
745,744,805,806,
746,745,806,807,
747,746,807,808,
748,747,808,809,
749,748,809,810,
750,749,810,811,
751,750,811,812,
752,751,812,813,
753,752,813,814,
754,753,814,815,
755,754,815,816,
756,755,816,817,
757,756,817,818,
758,757,818,819,
759,758,819,820,
760,759,820,821,
761,760,821,822,
762,761,822,823,
763,762,823,824,
764,763,824,825,
765,764,825,826,
766,765,826,827,
767,766,827,828,
768,767,828,829,
769,768,829,830,
770,769,830,831,
771,770,831,832,
772,771,832,833,
773,772,833,834,
774,773,834,835,
775,774,835,836,
776,775,836,837,
777,776,837,838,
778,777,838,839,
779,778,839,840,
780,779,840,841,
781,780,841,842,
782,781,842,843,
783,782,843,844,
784,783,844,845,
785,784,845,846,
786,785,846,847,
787,786,847,848,
788,787,848,849,
789,788,849,850,
790,789,850,851,
791,790,851,852,
792,791,852,853,
793,792,853,854,
733,793,854,794,
795,794,855,856,
796,795,856,857,
798,797,858,859,
799,798,859,860,
800,799,860,861,
801,800,861,862,
802,801,862,863,
803,802,863,864,
804,803,864,865,
805,804,865,866,
806,805,866,867,
807,806,867,868,
808,807,868,869,
809,808,869,870,
810,809,870,871,
811,810,871,872,
812,811,872,873,
813,812,873,874,
814,813,874,875,
815,814,875,876,
816,815,876,877,
817,816,877,878,
818,817,878,879,
819,818,879,880,
820,819,880,881,
821,820,881,882,
822,821,882,883,
823,822,883,884,
824,823,884,885,
825,824,885,886,
826,825,886,887,
827,826,887,888,
828,827,888,889,
829,828,889,890,
830,829,890,891,
831,830,891,892,
832,831,892,893,
833,832,893,894,
834,833,894,895,
835,834,895,896,
836,835,896,897,
837,836,897,898,
838,837,898,899,
839,838,899,900,
840,839,900,901,
841,840,901,902,
842,841,902,903,
843,842,903,904,
844,843,904,905,
845,844,905,906,
846,845,906,907,
847,846,907,908,
848,847,908,909,
849,848,909,910,
850,849,910,911,
851,850,911,912,
852,851,912,913,
853,852,913,914,
854,853,914,915,
794,854,915,855,
856,855,916,917,
857,856,917,918,
859,858,919,920,
860,859,920,921,
861,860,921,922,
862,861,922,923,
863,862,923,924,
864,863,924,925,
865,864,925,926,
866,865,926,927,
867,866,927,928,
868,867,928,929,
869,868,929,930,
870,869,930,931,
871,870,931,932,
872,871,932,933,
873,872,933,934,
874,873,934,935,
875,874,935,936,
876,875,936,937,
877,876,937,938,
878,877,938,939,
879,878,939,940,
880,879,940,941,
881,880,941,942,
882,881,942,943,
883,882,943,944,
884,883,944,945,
885,884,945,946,
886,885,946,947,
887,886,947,948,
888,887,948,949,
889,888,949,950,
890,889,950,951,
891,890,951,952,
892,891,952,953,
893,892,953,954,
894,893,954,955,
895,894,955,956,
896,895,956,957,
897,896,957,958,
898,897,958,959,
899,898,959,960,
900,899,960,961,
901,900,961,962,
902,901,962,963,
903,902,963,964,
904,903,964,965,
905,904,965,966,
906,905,966,967,
907,906,967,968,
908,907,968,969,
909,908,969,970,
910,909,970,971,
911,910,971,972,
912,911,972,973,
913,912,973,974,
914,913,974,975,
915,914,975,976,
855,915,976,916,
917,916,977,978,
918,917,978,979,
920,919,980,981,
921,920,981,982,
922,921,982,983,
923,922,983,984,
924,923,984,985,
925,924,985,986,
926,925,986,987,
927,926,987,988,
928,927,988,989,
929,928,989,990,
930,929,990,991,
931,930,991,992,
932,931,992,993,
933,932,993,994,
934,933,994,995,
935,934,995,996,
936,935,996,997,
937,936,997,998,
938,937,998,999,
939,938,999,1000,
940,939,1000,1001,
941,940,1001,1002,
942,941,1002,1003,
943,942,1003,1004,
944,943,1004,1005,
945,944,1005,1006,
946,945,1006,1007,
947,946,1007,1008,
948,947,1008,1009,
949,948,1009,1010,
950,949,1010,1011,
951,950,1011,1012,
952,951,1012,1013,
953,952,1013,1014,
954,953,1014,1015,
955,954,1015,1016,
956,955,1016,1017,
957,956,1017,1018,
958,957,1018,1019,
959,958,1019,1020,
960,959,1020,1021,
961,960,1021,1022,
962,961,1022,1023,
963,962,1023,1024,
964,963,1024,1025,
965,964,1025,1026,
966,965,1026,1027,
967,966,1027,1028,
968,967,1028,1029,
969,968,1029,1030,
970,969,1030,1031,
971,970,1031,1032,
972,971,1032,1033,
973,972,1033,1034,
974,973,1034,1035,
975,974,1035,1036,
976,975,1036,1037,
916,976,1037,977,
978,977,1038,1039,
979,978,1039,1040,
981,980,1041,1042,
982,981,1042,1043,
983,982,1043,1044,
984,983,1044,1045,
985,984,1045,1046,
986,985,1046,1047,
987,986,1047,1048,
988,987,1048,1049,
989,988,1049,1050,
990,989,1050,1051,
991,990,1051,1052,
992,991,1052,1053,
993,992,1053,1054,
994,993,1054,1055,
995,994,1055,1056,
996,995,1056,1057,
997,996,1057,1058,
998,997,1058,1059,
999,998,1059,1060,
1000,999,1060,1061,
1001,1000,1061,1062,
1002,1001,1062,1063,
1003,1002,1063,1064,
1004,1003,1064,1065,
1005,1004,1065,1066,
1006,1005,1066,1067,
1007,1006,1067,1068,
1008,1007,1068,1069,
1009,1008,1069,1070,
1010,1009,1070,1071,
1011,1010,1071,1072,
1012,1011,1072,1073,
1013,1012,1073,1074,
1014,1013,1074,1075,
1015,1014,1075,1076,
1016,1015,1076,1077,
1017,1016,1077,1078,
1018,1017,1078,1079,
1019,1018,1079,1080,
1020,1019,1080,1081,
1021,1020,1081,1082,
1022,1021,1082,1083,
1023,1022,1083,1084,
1024,1023,1084,1085,
1025,1024,1085,1086,
1026,1025,1086,1087,
1027,1026,1087,1088,
1028,1027,1088,1089,
1029,1028,1089,1090,
1030,1029,1090,1091,
1031,1030,1091,1092,
1032,1031,1092,1093,
1033,1032,1093,1094,
1034,1033,1094,1095,
1035,1034,1095,1096,
1036,1035,1096,1097,
1037,1036,1097,1098,
977,1037,1098,1038,
1039,1038,1099,1100,
1040,1039,1100,1101,
1042,1041,1102,1103,
1043,1042,1103,1104,
1044,1043,1104,1105,
1045,1044,1105,1106,
1046,1045,1106,1107,
1047,1046,1107,1108,
1048,1047,1108,1109,
1049,1048,1109,1110,
1050,1049,1110,1111,
1051,1050,1111,1112,
1052,1051,1112,1113,
1053,1052,1113,1114,
1054,1053,1114,1115,
1055,1054,1115,1116,
1056,1055,1116,1117,
1057,1056,1117,1118,
1058,1057,1118,1119,
1059,1058,1119,1120,
1060,1059,1120,1121,
1061,1060,1121,1122,
1062,1061,1122,1123,
1063,1062,1123,1124,
1064,1063,1124,1125,
1065,1064,1125,1126,
1066,1065,1126,1127,
1067,1066,1127,1128,
1068,1067,1128,1129,
1069,1068,1129,1130,
1070,1069,1130,1131,
1071,1070,1131,1132,
1072,1071,1132,1133,
1073,1072,1133,1134,
1074,1073,1134,1135,
1075,1074,1135,1136,
1076,1075,1136,1137,
1077,1076,1137,1138,
1078,1077,1138,1139,
1079,1078,1139,1140,
1080,1079,1140,1141,
1081,1080,1141,1142,
1082,1081,1142,1143,
1083,1082,1143,1144,
1084,1083,1144,1145,
1085,1084,1145,1146,
1086,1085,1146,1147,
1087,1086,1147,1148,
1088,1087,1148,1149,
1089,1088,1149,1150,
1090,1089,1150,1151,
1091,1090,1151,1152,
1092,1091,1152,1153,
1093,1092,1153,1154,
1094,1093,1154,1155,
1095,1094,1155,1156,
1096,1095,1156,1157,
1097,1096,1157,1158,
1098,1097,1158,1159,
1038,1098,1159,1099,
1100,1099,1160,1161,
1101,1100,1161,1162,
1103,1102,1163,1164,
1104,1103,1164,1165,
1105,1104,1165,1166,
1106,1105,1166,1167,
1107,1106,1167,1168,
1108,1107,1168,1169,
1109,1108,1169,1170,
1110,1109,1170,1171,
1111,1110,1171,1172,
1112,1111,1172,1173,
1113,1112,1173,1174,
1114,1113,1174,1175,
1115,1114,1175,1176,
1116,1115,1176,1177,
1117,1116,1177,1178,
1118,1117,1178,1179,
1119,1118,1179,1180,
1120,1119,1180,1181,
1121,1120,1181,1182,
1122,1121,1182,1183,
1123,1122,1183,1184,
1124,1123,1184,1185,
1125,1124,1185,1186,
1126,1125,1186,1187,
1127,1126,1187,1188,
1128,1127,1188,1189,
1129,1128,1189,1190,
1130,1129,1190,1191,
1131,1130,1191,1192,
1132,1131,1192,1193,
1133,1132,1193,1194,
1134,1133,1194,1195,
1135,1134,1195,1196,
1136,1135,1196,1197,
1137,1136,1197,1198,
1138,1137,1198,1199,
1139,1138,1199,1200,
1140,1139,1200,1201,
1141,1140,1201,1202,
1142,1141,1202,1203,
1143,1142,1203,1204,
1144,1143,1204,1205,
1145,1144,1205,1206,
1146,1145,1206,1207,
1147,1146,1207,1208,
1148,1147,1208,1209,
1149,1148,1209,1210,
1150,1149,1210,1211,
1151,1150,1211,1212,
1152,1151,1212,1213,
1153,1152,1213,1214,
1154,1153,1214,1215,
1155,1154,1215,1216,
1156,1155,1216,1217,
1157,1156,1217,1218,
1158,1157,1218,1219,
1159,1158,1219,1220,
1099,1159,1220,1160,
1161,1160,1221,1222,
1162,1161,1222,1223,
1164,1163,1224,1225,
1165,1164,1225,1226,
1166,1165,1226,1227,
1167,1166,1227,1228,
1168,1167,1228,1229,
1169,1168,1229,1230,
1170,1169,1230,1231,
1171,1170,1231,1232,
1172,1171,1232,1233,
1173,1172,1233,1234,
1174,1173,1234,1235,
1175,1174,1235,1236,
1176,1175,1236,1237,
1177,1176,1237,1238,
1178,1177,1238,1239,
1179,1178,1239,1240,
1180,1179,1240,1241,
1181,1180,1241,1242,
1182,1181,1242,1243,
1183,1182,1243,1244,
1184,1183,1244,1245,
1185,1184,1245,1246,
1186,1185,1246,1247,
1187,1186,1247,1248,
1188,1187,1248,1249,
1189,1188,1249,1250,
1190,1189,1250,1251,
1191,1190,1251,1252,
1192,1191,1252,1253,
1193,1192,1253,1254,
1194,1193,1254,1255,
1195,1194,1255,1256,
1196,1195,1256,1257,
1197,1196,1257,1258,
1198,1197,1258,1259,
1199,1198,1259,1260,
1200,1199,1260,1261,
1201,1200,1261,1262,
1202,1201,1262,1263,
1203,1202,1263,1264,
1204,1203,1264,1265,
1205,1204,1265,1266,
1206,1205,1266,1267,
1207,1206,1267,1268,
1208,1207,1268,1269,
1209,1208,1269,1270,
1210,1209,1270,1271,
1211,1210,1271,1272,
1212,1211,1272,1273,
1213,1212,1273,1274,
1214,1213,1274,1275,
1215,1214,1275,1276,
1216,1215,1276,1277,
1217,1216,1277,1278,
1218,1217,1278,1279,
1219,1218,1279,1280,
1220,1219,1280,1281,
1160,1220,1281,1221,
1222,1221,1282,1283,
1223,1222,1283,1284,
1225,1224,1285,1286,
1226,1225,1286,1287,
1227,1226,1287,1288,
1228,1227,1288,1289,
1229,1228,1289,1290,
1230,1229,1290,1291,
1231,1230,1291,1292,
1232,1231,1292,1293,
1233,1232,1293,1294,
1234,1233,1294,1295,
1235,1234,1295,1296,
1236,1235,1296,1297,
1237,1236,1297,1298,
1238,1237,1298,1299,
1239,1238,1299,1300,
1240,1239,1300,1301,
1241,1240,1301,1302,
1242,1241,1302,1303,
1243,1242,1303,1304,
1244,1243,1304,1305,
1245,1244,1305,1306,
1246,1245,1306,1307,
1247,1246,1307,1308,
1248,1247,1308,1309,
1249,1248,1309,1310,
1250,1249,1310,1311,
1251,1250,1311,1312,
1252,1251,1312,1313,
1253,1252,1313,1314,
1254,1253,1314,1315,
1255,1254,1315,1316,
1256,1255,1316,1317,
1257,1256,1317,1318,
1258,1257,1318,1319,
1259,1258,1319,1320,
1260,1259,1320,1321,
1261,1260,1321,1322,
1262,1261,1322,1323,
1263,1262,1323,1324,
1264,1263,1324,1325,
1265,1264,1325,1326,
1266,1265,1326,1327,
1267,1266,1327,1328,
1268,1267,1328,1329,
1269,1268,1329,1330,
1270,1269,1330,1331,
1271,1270,1331,1332,
1272,1271,1332,1333,
1273,1272,1333,1334,
1274,1273,1334,1335,
1275,1274,1335,1336,
1276,1275,1336,1337,
1277,1276,1337,1338,
1278,1277,1338,1339,
1279,1278,1339,1340,
1280,1279,1340,1341,
1281,1280,1341,1342,
1221,1281,1342,1282,
1283,1282,1343,1344,
1284,1283,1344,1345,
1286,1285,1346,1347,
1287,1286,1347,1348,
1288,1287,1348,1349,
1289,1288,1349,1350,
1290,1289,1350,1351,
1291,1290,1351,1352,
1292,1291,1352,1353,
1293,1292,1353,1354,
1294,1293,1354,1355,
1295,1294,1355,1356,
1296,1295,1356,1357,
1297,1296,1357,1358,
1298,1297,1358,1359,
1299,1298,1359,1360,
1300,1299,1360,1361,
1301,1300,1361,1362,
1302,1301,1362,1363,
1303,1302,1363,1364,
1304,1303,1364,1365,
1305,1304,1365,1366,
1306,1305,1366,1367,
1307,1306,1367,1368,
1308,1307,1368,1369,
1309,1308,1369,1370,
1310,1309,1370,1371,
1311,1310,1371,1372,
1312,1311,1372,1373,
1313,1312,1373,1374,
1314,1313,1374,1375,
1315,1314,1375,1376,
1316,1315,1376,1377,
1317,1316,1377,1378,
1318,1317,1378,1379,
1319,1318,1379,1380,
1320,1319,1380,1381,
1321,1320,1381,1382,
1322,1321,1382,1383,
1323,1322,1383,1384,
1324,1323,1384,1385,
1325,1324,1385,1386,
1326,1325,1386,1387,
1327,1326,1387,1388,
1328,1327,1388,1389,
1329,1328,1389,1390,
1330,1329,1390,1391,
1331,1330,1391,1392,
1332,1331,1392,1393,
1333,1332,1393,1394,
1334,1333,1394,1395,
1335,1334,1395,1396,
1336,1335,1396,1397,
1337,1336,1397,1398,
1338,1337,1398,1399,
1339,1338,1399,1400,
1340,1339,1400,1401,
1341,1340,1401,1402,
1342,1341,1402,1403,
1282,1342,1403,1343,
1344,1343,1404,1405,
1345,1344,1405,1406,
1347,1346,1407,1408,
1348,1347,1408,1409,
1349,1348,1409,1410,
1350,1349,1410,1411,
1351,1350,1411,1412,
1352,1351,1412,1413,
1353,1352,1413,1414,
1354,1353,1414,1415,
1355,1354,1415,1416,
1356,1355,1416,1417,
1357,1356,1417,1418,
1358,1357,1418,1419,
1359,1358,1419,1420,
1360,1359,1420,1421,
1361,1360,1421,1422,
1362,1361,1422,1423,
1363,1362,1423,1424,
1364,1363,1424,1425,
1365,1364,1425,1426,
1366,1365,1426,1427,
1367,1366,1427,1428,
1368,1367,1428,1429,
1369,1368,1429,1430,
1370,1369,1430,1431,
1371,1370,1431,1432,
1372,1371,1432,1433,
1373,1372,1433,1434,
1374,1373,1434,1435,
1375,1374,1435,1436,
1376,1375,1436,1437,
1377,1376,1437,1438,
1378,1377,1438,1439,
1379,1378,1439,1440,
1380,1379,1440,1441,
1381,1380,1441,1442,
1382,1381,1442,1443,
1383,1382,1443,1444,
1384,1383,1444,1445,
1385,1384,1445,1446,
1386,1385,1446,1447,
1387,1386,1447,1448,
1388,1387,1448,1449,
1389,1388,1449,1450,
1390,1389,1450,1451,
1391,1390,1451,1452,
1392,1391,1452,1453,
1393,1392,1453,1454,
1394,1393,1454,1455,
1395,1394,1455,1456,
1396,1395,1456,1457,
1397,1396,1457,1458,
1398,1397,1458,1459,
1399,1398,1459,1460,
1400,1399,1460,1461,
1401,1400,1461,1462,
1402,1401,1462,1463,
1403,1402,1463,1464,
1343,1403,1464,1404,
1405,1404,1465,1466,
1406,1405,1466,1467,
1408,1407,1468,1469,
1409,1408,1469,1470,
1410,1409,1470,1471,
1411,1410,1471,1472,
1412,1411,1472,1473,
1413,1412,1473,1474,
1414,1413,1474,1475,
1415,1414,1475,1476,
1416,1415,1476,1477,
1417,1416,1477,1478,
1418,1417,1478,1479,
1419,1418,1479,1480,
1420,1419,1480,1481,
1421,1420,1481,1482,
1422,1421,1482,1483,
1423,1422,1483,1484,
1424,1423,1484,1485,
1425,1424,1485,1486,
1426,1425,1486,1487,
1427,1426,1487,1488,
1428,1427,1488,1489,
1429,1428,1489,1490,
1430,1429,1490,1491,
1431,1430,1491,1492,
1432,1431,1492,1493,
1433,1432,1493,1494,
1434,1433,1494,1495,
1435,1434,1495,1496,
1436,1435,1496,1497,
1437,1436,1497,1498,
1438,1437,1498,1499,
1439,1438,1499,1500,
1440,1439,1500,1501,
1441,1440,1501,1502,
1442,1441,1502,1503,
1443,1442,1503,1504,
1444,1443,1504,1505,
1445,1444,1505,1506,
1446,1445,1506,1507,
1447,1446,1507,1508,
1448,1447,1508,1509,
1449,1448,1509,1510,
1450,1449,1510,1511,
1451,1450,1511,1512,
1452,1451,1512,1513,
1453,1452,1513,1514,
1454,1453,1514,1515,
1455,1454,1515,1516,
1456,1455,1516,1517,
1457,1456,1517,1518,
1458,1457,1518,1519,
1459,1458,1519,1520,
1460,1459,1520,1521,
1461,1460,1521,1522,
1462,1461,1522,1523,
1463,1462,1523,1524,
1464,1463,1524,1525,
1404,1464,1525,1465,
1466,1465,1526,1527,
1467,1466,1527,1528,
1469,1468,1529,1530,
1470,1469,1530,1531,
1471,1470,1531,1532,
1472,1471,1532,1533,
1473,1472,1533,1534,
1474,1473,1534,1535,
1475,1474,1535,1536,
1476,1475,1536,1537,
1477,1476,1537,1538,
1478,1477,1538,1539,
1479,1478,1539,1540,
1480,1479,1540,1541,
1481,1480,1541,1542,
1482,1481,1542,1543,
1483,1482,1543,1544,
1484,1483,1544,1545,
1485,1484,1545,1546,
1486,1485,1546,1547,
1487,1486,1547,1548,
1488,1487,1548,1549,
1489,1488,1549,1550,
1490,1489,1550,1551,
1491,1490,1551,1552,
1492,1491,1552,1553,
1493,1492,1553,1554,
1494,1493,1554,1555,
1495,1494,1555,1556,
1496,1495,1556,1557,
1497,1496,1557,1558,
1498,1497,1558,1559,
1499,1498,1559,1560,
1500,1499,1560,1561,
1501,1500,1561,1562,
1502,1501,1562,1563,
1503,1502,1563,1564,
1504,1503,1564,1565,
1505,1504,1565,1566,
1506,1505,1566,1567,
1507,1506,1567,1568,
1508,1507,1568,1569,
1509,1508,1569,1570,
1510,1509,1570,1571,
1511,1510,1571,1572,
1512,1511,1572,1573,
1513,1512,1573,1574,
1514,1513,1574,1575,
1515,1514,1575,1576,
1516,1515,1576,1577,
1517,1516,1577,1578,
1518,1517,1578,1579,
1519,1518,1579,1580,
1520,1519,1580,1581,
1521,1520,1581,1582,
1522,1521,1582,1583,
1523,1522,1583,1584,
1524,1523,1584,1585,
1525,1524,1585,1586,
1465,1525,1586,1526,
1527,1526,1587,1588,
1528,1527,1588,1589,
1530,1529,1590,1591,
1531,1530,1591,1592,
1532,1531,1592,1593,
1533,1532,1593,1594,
1534,1533,1594,1595,
1535,1534,1595,1596,
1536,1535,1596,1597,
1537,1536,1597,1598,
1538,1537,1598,1599,
1539,1538,1599,1600,
1540,1539,1600,1601,
1541,1540,1601,1602,
1542,1541,1602,1603,
1543,1542,1603,1604,
1544,1543,1604,1605,
1545,1544,1605,1606,
1546,1545,1606,1607,
1547,1546,1607,1608,
1548,1547,1608,1609,
1549,1548,1609,1610,
1550,1549,1610,1611,
1551,1550,1611,1612,
1552,1551,1612,1613,
1553,1552,1613,1614,
1554,1553,1614,1615,
1555,1554,1615,1616,
1556,1555,1616,1617,
1557,1556,1617,1618,
1558,1557,1618,1619,
1559,1558,1619,1620,
1560,1559,1620,1621,
1561,1560,1621,1622,
1562,1561,1622,1623,
1563,1562,1623,1624,
1564,1563,1624,1625,
1565,1564,1625,1626,
1566,1565,1626,1627,
1567,1566,1627,1628,
1568,1567,1628,1629,
1569,1568,1629,1630,
1570,1569,1630,1631,
1571,1570,1631,1632,
1572,1571,1632,1633,
1573,1572,1633,1634,
1574,1573,1634,1635,
1575,1574,1635,1636,
1576,1575,1636,1637,
1577,1576,1637,1638,
1578,1577,1638,1639,
1579,1578,1639,1640,
1580,1579,1640,1641,
1581,1580,1641,1642,
1582,1581,1642,1643,
1583,1582,1643,1644,
1584,1583,1644,1645,
1585,1584,1645,1646,
1586,1585,1646,1647,
1526,1586,1647,1587,
1588,1587,1648,1649,
1589,1588,1649,1650,
1591,1590,1651,1652,
1592,1591,1652,1653,
1593,1592,1653,1654,
1594,1593,1654,1655,
1595,1594,1655,1656,
1596,1595,1656,1657,
1597,1596,1657,1658,
1598,1597,1658,1659,
1599,1598,1659,1660,
1600,1599,1660,1661,
1601,1600,1661,1662,
1602,1601,1662,1663,
1603,1602,1663,1664,
1604,1603,1664,1665,
1605,1604,1665,1666,
1606,1605,1666,1667,
1607,1606,1667,1668,
1608,1607,1668,1669,
1609,1608,1669,1670,
1610,1609,1670,1671,
1611,1610,1671,1672,
1612,1611,1672,1673,
1613,1612,1673,1674,
1614,1613,1674,1675,
1615,1614,1675,1676,
1616,1615,1676,1677,
1617,1616,1677,1678,
1618,1617,1678,1679,
1619,1618,1679,1680,
1620,1619,1680,1681,
1621,1620,1681,1682,
1622,1621,1682,1683,
1623,1622,1683,1684,
1624,1623,1684,1685,
1625,1624,1685,1686,
1626,1625,1686,1687,
1627,1626,1687,1688,
1628,1627,1688,1689,
1629,1628,1689,1690,
1630,1629,1690,1691,
1631,1630,1691,1692,
1632,1631,1692,1693,
1633,1632,1693,1694,
1634,1633,1694,1695,
1635,1634,1695,1696,
1636,1635,1696,1697,
1637,1636,1697,1698,
1638,1637,1698,1699,
1639,1638,1699,1700,
1640,1639,1700,1701,
1641,1640,1701,1702,
1642,1641,1702,1703,
1643,1642,1703,1704,
1644,1643,1704,1705,
1645,1644,1705,1706,
1646,1645,1706,1707,
1647,1646,1707,1708,
1587,1647,1708,1648,
1649,1648,1709,1710,
1650,1649,1710,1711,
1652,1651,1712,1713,
1653,1652,1713,1714,
1654,1653,1714,1715,
1655,1654,1715,1716,
1656,1655,1716,1717,
1657,1656,1717,1718,
1658,1657,1718,1719,
1659,1658,1719,1720,
1660,1659,1720,1721,
1661,1660,1721,1722,
1662,1661,1722,1723,
1663,1662,1723,1724,
1664,1663,1724,1725,
1665,1664,1725,1726,
1666,1665,1726,1727,
1667,1666,1727,1728,
1668,1667,1728,1729,
1669,1668,1729,1730,
1670,1669,1730,1731,
1671,1670,1731,1732,
1672,1671,1732,1733,
1673,1672,1733,1734,
1674,1673,1734,1735,
1675,1674,1735,1736,
1676,1675,1736,1737,
1677,1676,1737,1738,
1678,1677,1738,1739,
1679,1678,1739,1740,
1680,1679,1740,1741,
1681,1680,1741,1742,
1682,1681,1742,1743,
1683,1682,1743,1744,
1684,1683,1744,1745,
1685,1684,1745,1746,
1686,1685,1746,1747,
1687,1686,1747,1748,
1688,1687,1748,1749,
1689,1688,1749,1750,
1690,1689,1750,1751,
1691,1690,1751,1752,
1692,1691,1752,1753,
1693,1692,1753,1754,
1694,1693,1754,1755,
1695,1694,1755,1756,
1696,1695,1756,1757,
1697,1696,1757,1758,
1698,1697,1758,1759,
1699,1698,1759,1760,
1700,1699,1760,1761,
1701,1700,1761,1762,
1702,1701,1762,1763,
1703,1702,1763,1764,
1704,1703,1764,1765,
1705,1704,1765,1766,
1706,1705,1766,1767,
1707,1706,1767,1768,
1708,1707,1768,1769,
1648,1708,1769,1709,
1710,1709,1770,1770,
1711,1710,1770,1770,
1713,1712,1770,1770,
1714,1713,1770,1770,
1715,1714,1770,1770,
1716,1715,1770,1770,
1717,1716,1770,1770,
1718,1717,1770,1770,
1719,1718,1770,1770,
1720,1719,1770,1770,
1721,1720,1770,1770,
1722,1721,1770,1770,
1723,1722,1770,1770,
1724,1723,1770,1770,
1725,1724,1770,1770,
1726,1725,1770,1770,
1727,1726,1770,1770,
1728,1727,1770,1770,
1729,1728,1770,1770,
1730,1729,1770,1770,
1731,1730,1770,1770,
1732,1731,1770,1770,
1733,1732,1770,1770,
1734,1733,1770,1770,
1735,1734,1770,1770,
1736,1735,1770,1770,
1737,1736,1770,1770,
1738,1737,1770,1770,
1739,1738,1770,1770,
1740,1739,1770,1770,
1741,1740,1770,1770,
1742,1741,1770,1770,
1743,1742,1770,1770,
1744,1743,1770,1770,
1745,1744,1770,1770,
1746,1745,1770,1770,
1747,1746,1770,1770,
1748,1747,1770,1770,
1749,1748,1770,1770,
1750,1749,1770,1770,
1751,1750,1770,1770,
1752,1751,1770,1770,
1753,1752,1770,1770,
1754,1753,1770,1770,
1755,1754,1770,1770,
1756,1755,1770,1770,
1757,1756,1770,1770,
1758,1757,1770,1770,
1759,1758,1770,1770,
1760,1759,1770,1770,
1761,1760,1770,1770,
1762,1761,1770,1770,
1763,1762,1770,1770,
1764,1763,1770,1770,
1765,1764,1770,1770,
1766,1765,1770,1770,
1767,1766,1770,1770,
1768,1767,1770,1770,
1769,1768,1770,1770,
1709,1769,1770,1770,
0,4,65,126,187,248,309,370,431,492,553,614,675,736,797,858,919,980,1041,1102,1163,1224,1285,1346,1407,1468,1529,1590,1651,1712,1770,1711,1650,1589,1528,1467,1406,1345,1284,1223,1162,1101,1040,979,918,857,796,735,674,613,552,491,430,369,308,247,186,125,64,3,2,1,61,60,59,58,57,56,55,54,53,52,51,50,49,48,47,46,45,44,43,42,41,40,39,100,161,222,1808,1805,1803,38,37,36,35,34,33,32,31,30,29,1807,1806,1804,1802,1801,1800,1799,1798,1797,1796,1795,1794,1793,1792,1791,1790,1789,1788,1787,1786,1785,1784,1783,1782,1781,1780,1779,1778,1777,1776,1775,1774,1773,1772,1771,
