1771,30,60,4.621804,2.948491,
-0.000075,1.416990,
-0.487999,1.457356,
-0.487595,1.451758,
-0.485618,1.445961,
-0.482183,1.440167,
-0.477333,1.434303,
-0.470995,1.428433,
-0.463060,1.422655,
-0.453632,1.416885,
-0.442997,1.411253,
-0.431205,1.405688,
-0.418345,1.400283,
-0.404271,1.395023,
-0.388962,1.389977,
-0.372573,1.385115,
-0.355245,1.380470,
-0.337159,1.376032,
-0.318356,1.371812,
-0.298860,1.367819,
-0.278672,1.364053,
-0.257724,1.360532,
-0.236152,1.357206,
-0.214125,1.354046,
-0.191602,1.351139,
-0.168629,1.348557,
-0.145276,1.346351,
-0.121501,1.344599,
-0.097471,1.343268,
-0.073394,1.342122,
-0.049138,1.341055,
-0.024634,1.340302,
-0.000097,1.340023,
0.024446,1.340220,
0.048995,1.340965,
0.073358,1.342095,
0.097551,1.343312,
0.121627,1.344670,
0.145338,1.346409,
0.168586,1.348598,
0.191509,1.351120,
0.214065,1.353997,
0.236105,1.357142,
0.257660,1.360460,
0.278665,1.364036,
0.298934,1.367837,
0.318453,1.371843,
0.337210,1.376130,
0.355187,1.380640,
0.372409,1.385238,
0.388801,1.390048,
0.404233,1.395034,
0.418470,1.400302,
0.431392,1.405545,
0.443098,1.411100,
0.453568,1.416726,
0.462885,1.422563,
0.470832,1.428378,
0.477284,1.434227,
0.482242,1.440150,
0.485686,1.446117,
0.487573,1.451844,
0.487878,1.457442,
-0.756702,1.474268,
-0.755440,1.458471,
-0.751165,1.443095,
-0.744165,1.428284,
-0.734516,1.414068,
-0.722236,1.400523,
-0.707713,1.387703,
-0.691162,1.375611,
-0.672497,1.364334,
-0.652268,1.353728,
-0.630214,1.343912,
-0.606736,1.334816,
-0.581956,1.326450,
-0.555762,1.318848,
-0.528475,1.311886,
-0.500119,1.305537,
-0.470964,1.299650,
-0.440909,1.294242,
-0.409818,1.289403,
-0.378136,1.284990,
-0.345846,1.281096,
-0.312893,1.277712,
-0.279654,1.274480,
-0.245881,1.271535,
-0.211332,1.269184,
-0.176545,1.267103,
-0.141629,1.265060,
-0.106328,1.263570,
-0.071028,1.262776,
-0.035783,1.262023,
-0.000095,1.261550,
0.035681,1.261992,
0.071064,1.262788,
0.106398,1.263605,
0.141639,1.265024,
0.176488,1.267039,
0.211287,1.269176,
0.245910,1.271568,
0.279680,1.274501,
0.312857,1.277693,
0.345799,1.281039,
0.378129,1.284943,
0.409768,1.289459,
0.440847,1.294339,
0.470996,1.299677,
0.500184,1.305517,
0.528483,1.311891,
0.555717,1.318877,
0.581936,1.326471,
0.606764,1.334806,
0.630246,1.343894,
0.652227,1.353699,
0.672476,1.364324,
0.691169,1.375621,
0.707728,1.387724,
0.722248,1.400516,
0.734522,1.414002,
0.744173,1.428193,
0.751155,1.443038,
0.755417,1.458417,
0.756691,1.474230,
-0.981702,1.456212,
-0.976383,1.432778,
-0.967318,1.410327,
-0.954889,1.388830,
-0.939091,1.368448,
-0.920317,1.349287,
-0.898862,1.331414,
-0.874953,1.314858,
-0.849022,1.299534,
-0.820769,1.285541,
-0.791021,1.272577,
-0.759523,1.260744,
-0.726479,1.250004,
-0.692256,1.240287,
-0.656706,1.231630,
-0.620214,1.223789,
-0.582592,1.216853,
-0.544044,1.210740,
-0.504883,1.205317,
-0.464894,1.200606,
-0.424363,1.196342,
-0.383404,1.192658,
-0.341801,1.189678,
-0.299917,1.186928,
-0.257853,1.184353,
-0.215283,1.182309,
-0.172515,1.180755,
-0.129773,1.179476,
-0.086682,1.178559,
-0.043339,1.177968,
-0.000067,1.177672,
0.043280,1.177876,
0.086742,1.178514,
0.129847,1.179534,
0.172528,1.180825,
0.215265,1.182317,
0.257822,1.184342,
0.299888,1.186926,
0.341798,1.189678,
0.383408,1.192693,
0.424372,1.196334,
0.464847,1.200534,
0.504786,1.205239,
0.543982,1.210693,
0.582600,1.216876,
0.620276,1.223911,
0.656774,1.231774,
0.692250,1.240357,
0.726399,1.249948,
0.759463,1.260578,
0.790954,1.272461,
0.820737,1.285547,
0.849019,1.299634,
0.874966,1.314962,
0.898868,1.331450,
0.920292,1.349226,
0.939057,1.368315,
0.954913,1.388682,
0.967349,1.410247,
0.976401,1.432790,
0.981732,1.456291,
-1.183385,1.417376,
-1.172666,1.386105,
-1.157579,1.356795,
-1.138365,1.329537,
-1.115615,1.304211,
-1.089570,1.280804,
-1.060725,1.259198,
-1.029471,1.239324,
-0.995838,1.221270,
-0.960367,1.204885,
-0.923249,1.189978,
-0.884269,1.176634,
-0.844099,1.164366,
-0.802517,1.153397,
-0.759535,1.143965,
-0.715958,1.135398,
-0.671417,1.128064,
-0.625806,1.121764,
-0.579703,1.115831,
-0.533159,1.110750,
-0.486110,1.106583,
-0.438564,1.102991,
-0.390612,1.099974,
-0.342413,1.097330,
-0.294017,1.095148,
-0.245392,1.093532,
-0.196567,1.092068,
-0.147660,1.090669,
-0.098560,1.089775,
-0.049238,1.089502,
0.000035,1.089459,
0.049270,1.089451,
0.098526,1.089746,
0.147618,1.090699,
0.196579,1.092127,
0.245442,1.093565,
0.294032,1.095164,
0.342378,1.097333,
0.390584,1.099974,
0.438548,1.103026,
0.486079,1.106596,
0.533108,1.110743,
0.579647,1.115814,
0.625772,1.121725,
0.671427,1.128065,
0.716008,1.135417,
0.759569,1.143975,
0.802459,1.153407,
0.843992,1.164346,
0.884202,1.176577,
0.923210,1.189954,
0.960393,1.204855,
0.995858,1.221250,
1.029454,1.239316,
1.060711,1.259161,
1.089496,1.280787,
1.115574,1.304201,
1.138365,1.329546,
1.157603,1.356831,
1.172702,1.386150,
1.183448,1.417399,
-1.368320,1.358253,
-1.350568,1.320896,
-1.328236,1.286362,
-1.301450,1.254708,
-1.270957,1.225693,
-1.237363,1.199143,
-1.201106,1.174982,
-1.162418,1.153133,
-1.121692,1.133363,
-1.079040,1.115531,
-1.034950,1.099325,
-0.989346,1.084963,
-0.942391,1.072207,
-0.894457,1.060765,
-0.845180,1.051055,
-0.795022,1.042482,
-0.744357,1.034646,
-0.693048,1.028123,
-0.641195,1.022543,
-0.588983,1.017473,
-0.536434,1.013205,
-0.483525,1.009806,
-0.430413,1.006980,
-0.377134,1.004486,
-0.323486,1.002445,
-0.269692,1.000995,
-0.215893,0.999884,
-0.161889,0.998962,
-0.107860,0.998287,
-0.053911,0.997873,
0.000075,0.997738,
0.053981,0.997895,
0.107804,0.998291,
0.161815,0.998938,
0.215889,0.999872,
0.269736,1.001031,
0.323516,1.002520,
0.377141,1.004537,
0.430393,1.007004,
0.483478,1.009827,
0.536398,1.013230,
0.588950,1.017490,
0.641137,1.022519,
0.693022,1.028077,
0.744355,1.034624,
0.795013,1.042481,
0.845133,1.051049,
0.894375,1.060775,
0.942376,1.072197,
0.989416,1.084926,
1.034998,1.099281,
1.079039,1.115449,
1.121632,1.133293,
1.162352,1.153115,
1.201122,1.175011,
1.237387,1.199204,
1.270980,1.225694,
1.301423,1.254657,
1.328171,1.286312,
1.350541,1.320904,
1.368368,1.358327,
-1.538319,1.280493,
-1.512382,1.238650,
-1.481719,1.200609,
-1.446837,1.166172,
-1.408408,1.135016,
-1.367168,1.106805,
-1.323500,1.081339,
-1.277624,1.058453,
-1.230191,1.037631,
-1.180954,1.019143,
-1.130440,1.002552,
-1.078722,0.987920,
-1.025686,0.975382,
-0.971817,0.964006,
-0.916996,0.954088,
-0.861417,0.945579,
-0.805575,0.937996,
-0.749237,0.931641,
-0.692511,0.926281,
-0.635593,0.921423,
-0.578432,0.917402,
-0.521081,0.914265,
-0.463523,0.911579,
-0.405750,0.909341,
-0.347847,0.907667,
-0.289827,0.906352,
-0.231790,0.905217,
-0.173797,0.904369,
-0.115869,0.903882,
-0.057974,0.903616,
0.000047,0.903528,
0.058034,0.903656,
0.115873,0.903919,
0.173775,0.904384,
0.231776,0.905210,
0.289826,0.906346,
0.347859,0.907697,
0.405763,0.909391,
0.463517,0.911634,
0.521070,0.914301,
0.578410,0.917398,
0.635540,0.921394,
0.692479,0.926271,
0.749236,0.931673,
0.805570,0.938055,
0.861374,0.945593,
0.916946,0.954006,
0.971797,0.963903,
1.025737,0.975321,
1.078800,0.987934,
1.130455,1.002617,
1.180914,1.019158,
1.230148,1.037555,
1.277615,1.058341,
1.323546,1.081265,
1.367241,1.106832,
1.408447,1.135090,
1.446803,1.166177,
1.481638,1.200522,
1.512355,1.238551,
1.538309,1.280529,
-1.693792,1.185055,
-1.658482,1.140658,
-1.618815,1.100969,
-1.575527,1.065555,
-1.529388,1.033735,
-1.480727,1.005078,
-1.429973,0.979301,
-1.377469,0.956363,
-1.323572,0.935778,
-1.268435,0.917420,
-1.212110,0.901115,
-1.154740,0.886754,
-1.096382,0.874417,
-1.037272,0.863699,
-0.977458,0.854384,
-0.917326,0.846322,
-0.857078,0.839139,
-0.796565,0.832942,
-0.735735,0.827726,
-0.674767,0.823259,
-0.613713,0.819574,
-0.552590,0.816597,
-0.491308,0.814199,
-0.429785,0.812398,
-0.368172,0.811081,
-0.306561,0.809971,
-0.245004,0.808965,
-0.183661,0.808080,
-0.122450,0.807348,
-0.061211,0.806853,
0.000018,0.806686,
0.061244,0.806874,
0.122476,0.807376,
0.183679,0.808109,
0.245015,0.808980,
0.306566,0.809973,
0.368163,0.811093,
0.429769,0.812407,
0.491317,0.814200,
0.552604,0.816607,
0.613677,0.819597,
0.674711,0.823305,
0.735708,0.827776,
0.796581,0.832962,
0.857114,0.839108,
0.917343,0.846257,
0.977454,0.854330,
1.037263,0.863721,
1.096391,0.874481,
1.154765,0.886766,
1.212121,0.901047,
1.268419,0.917322,
1.323574,0.935729,
1.377496,0.956399,
1.430015,0.979335,
1.480750,1.005016,
1.529377,1.033613,
1.575533,1.065485,
1.618839,1.100992,
1.658454,1.140680,
1.693641,1.184960,
-1.833583,1.073197,
-1.788550,1.028672,
-1.740008,0.989199,
-1.688563,0.954241,
-1.634848,0.922985,
-1.579084,0.895224,
-1.521840,0.870454,
-1.463293,0.848359,
-1.403647,0.828638,
-1.343016,0.811026,
-1.281421,0.795765,
-1.219069,0.782463,
-1.156063,0.770959,
-1.092515,0.760972,
-1.028670,0.752187,
-0.964584,0.744629,
-0.900362,0.738121,
-0.836173,0.732388,
-0.772057,0.727402,
-0.707836,0.723228,
-0.643408,0.719892,
-0.578917,0.717318,
-0.514495,0.715435,
-0.450022,0.714109,
-0.385395,0.713050,
-0.320742,0.712006,
-0.256199,0.710990,
-0.191824,0.710063,
-0.127656,0.709207,
-0.063723,0.708532,
-0.000004,0.708275,
0.063727,0.708542,
0.127677,0.709222,
0.191850,0.710082,
0.256224,0.711008,
0.320756,0.712016,
0.385388,0.713047,
0.450019,0.714097,
0.514499,0.715446,
0.578896,0.717363,
0.643374,0.719932,
0.707819,0.723240,
0.772086,0.727381,
0.836243,0.732368,
0.900402,0.738124,
0.964544,0.744666,
1.028603,0.752211,
1.092498,0.760955,
1.156110,0.770914,
1.219133,0.782427,
1.281432,0.795766,
1.342972,0.811036,
1.403617,0.828587,
1.463302,0.848289,
1.521876,0.870422,
1.579094,0.895233,
1.634822,0.922967,
1.688534,0.954162,
1.739981,0.989122,
1.788458,1.028666,
1.833470,1.073175,
-1.956825,0.946986,
-1.902293,0.904156,
-1.845298,0.866688,
-1.786239,0.833779,
-1.725507,0.804536,
-1.663322,0.778689,
-1.600116,0.755720,
-1.536053,0.735389,
-1.471299,0.717266,
-1.405918,0.701238,
-1.339808,0.687342,
-1.273139,0.675306,
-1.206020,0.664984,
-1.138798,0.656057,
-1.071575,0.648259,
-1.004125,0.641456,
-0.936656,0.635437,
-0.869385,0.630147,
-0.802267,0.625648,
-0.735151,0.621847,
-0.667983,0.618815,
-0.600822,0.616691,
-0.533773,0.615339,
-0.466756,0.614404,
-0.399607,0.613642,
-0.332457,0.612900,
-0.265522,0.611991,
-0.198780,0.610855,
-0.132226,0.609724,
-0.065985,0.608919,
-0.000015,0.608632,
0.065967,0.608916,
0.132229,0.609724,
0.198794,0.610862,
0.265534,0.612002,
0.332466,0.612912,
0.399615,0.613657,
0.466752,0.614424,
0.533754,0.615365,
0.600812,0.616705,
0.667993,0.618811,
0.735183,0.621838,
0.802316,0.625644,
0.869401,0.630167,
0.936612,0.635462,
1.004058,0.641461,
1.071552,0.648227,
1.138827,0.656028,
1.206057,0.664981,
1.273124,0.675303,
1.339742,0.687296,
1.405862,0.701179,
1.471310,0.717234,
1.536102,0.735392,
1.600138,0.755707,
1.663296,0.778650,
1.725462,0.804527,
1.786183,0.833810,
1.845222,0.866678,
1.902200,0.904118,
1.956791,0.947007,
-2.062747,0.808427,
-1.999473,0.769269,
-1.934695,0.735310,
-1.868712,0.705660,
-1.801723,0.679593,
-1.733917,0.656651,
-1.665525,0.636370,
-1.596672,0.618411,
-1.527478,0.602428,
-1.457919,0.588469,
-1.387998,0.576399,
-1.317751,0.566031,
-1.247343,0.557132,
-1.177054,0.549390,
-1.106827,0.542656,
-1.036710,0.536750,
-0.966659,0.531460,
-0.896761,0.526820,
-0.827019,0.522805,
-0.757433,0.519460,
-0.687978,0.516899,
-0.618658,0.515145,
-0.549414,0.514067,
-0.480242,0.513465,
-0.411144,0.513087,
-0.342106,0.512689,
-0.273219,0.512004,
-0.204614,0.510863,
-0.136309,0.509451,
-0.068160,0.508276,
-0.000013,0.507819,
0.068136,0.508269,
0.136295,0.509444,
0.204609,0.510864,
0.273216,0.512015,
0.342104,0.512706,
0.411138,0.513112,
0.480231,0.513490,
0.549413,0.514082,
0.618672,0.515148,
0.687999,0.516898,
0.757458,0.519462,
0.827023,0.522816,
0.896718,0.526827,
0.966601,0.531450,
1.036680,0.536729,
1.106832,0.542636,
1.177061,0.549368,
1.247317,0.557094,
1.317686,0.565987,
1.387932,0.576369,
1.457889,0.588448,
1.527485,0.602395,
1.596703,0.618386,
1.665553,0.636374,
1.733917,0.656672,
1.801686,0.679624,
1.868648,0.705694,
1.934638,0.735333,
1.999450,0.769282,
2.062724,0.808438,
-2.150728,0.659564,
-2.079646,0.625782,
-2.008109,0.596734,
-1.936188,0.571550,
-1.863831,0.549467,
-1.791239,0.530130,
-1.718497,0.513218,
-1.645597,0.498240,
-1.572690,0.484973,
-1.499718,0.473398,
-1.426687,0.463397,
-1.353544,0.454901,
-1.280549,0.447632,
-1.207721,0.441306,
-1.135131,0.435817,
-1.062806,0.430872,
-0.990738,0.426440,
-0.918702,0.422553,
-0.846826,0.419153,
-0.775218,0.416310,
-0.703871,0.414201,
-0.632722,0.412846,
-0.561726,0.412109,
-0.490843,0.411790,
-0.420165,0.411657,
-0.349734,0.411449,
-0.279524,0.410912,
-0.209533,0.409879,
-0.139721,0.408449,
-0.069915,0.407122,
-0.000007,0.406572,
0.069903,0.407122,
0.139709,0.408447,
0.209517,0.409880,
0.279512,0.410922,
0.349725,0.411467,
0.420148,0.411677,
0.490829,0.411809,
0.561725,0.412126,
0.632725,0.412856,
0.703870,0.414205,
0.775206,0.416313,
0.846789,0.419152,
0.918652,0.422541,
0.990703,0.426417,
1.062791,0.430843,
1.135122,0.435778,
1.207704,0.441263,
1.280502,0.447602,
1.353476,0.454878,
1.426640,0.463364,
1.499716,0.473365,
1.572719,0.484965,
1.645622,0.498244,
1.718482,0.513224,
1.791207,0.530147,
1.863802,0.549505,
1.936145,0.571581,
2.008088,0.596772,
2.079669,0.625819,
2.150711,0.659582,
-2.220116,0.502331,
-2.142575,0.475441,
-2.065480,0.452506,
-1.988658,0.432671,
-1.912024,0.415401,
-1.835575,0.400356,
-1.759265,0.387220,
-1.683209,0.375623,
-1.607378,0.365415,
-1.531770,0.356524,
-1.456282,0.348895,
-1.381019,0.342436,
-1.306004,0.336793,
-1.231265,0.331972,
-1.156847,0.327831,
-1.082868,0.324080,
-1.009123,0.320641,
-0.935485,0.317546,
-0.861960,0.314892,
-0.788775,0.312690,
-0.716025,0.310926,
-0.643492,0.309842,
-0.570996,0.309574,
-0.498725,0.309689,
-0.426920,0.309630,
-0.355555,0.309288,
-0.284420,0.308767,
-0.213388,0.307973,
-0.142343,0.306833,
-0.071205,0.305708,
0.000002,0.305225,
0.071209,0.305707,
0.142342,0.306838,
0.213382,0.307981,
0.284412,0.308777,
0.355540,0.309303,
0.426899,0.309650,
0.498702,0.309704,
0.570981,0.309581,
0.643476,0.309847,
0.715998,0.310929,
0.788730,0.312687,
0.861906,0.314882,
0.935446,0.317525,
1.009095,0.320606,
1.082852,0.324040,
1.156843,0.327798,
1.231245,0.331945,
1.305955,0.336770,
1.380980,0.342416,
1.456287,0.348884,
1.531798,0.356513,
1.607406,0.365401,
1.683210,0.375621,
1.759220,0.387238,
1.835507,0.400368,
1.911956,0.415418,
1.988628,0.432705,
2.065480,0.452544,
2.142573,0.475462,
2.220123,0.502356,
-2.270287,0.338652,
-2.187926,0.319931,
-2.106602,0.304047,
-2.026143,0.290344,
-1.946373,0.278469,
-1.867056,0.268172,
-1.788164,0.259214,
-1.709795,0.251302,
-1.631914,0.244382,
-1.554412,0.238374,
-1.477241,0.233245,
-1.400395,0.228834,
-1.323954,0.225011,
-1.247941,0.221820,
-1.172338,0.219038,
-1.097095,0.216468,
-1.022082,0.214121,
-0.947264,0.212014,
-0.872699,0.210194,
-0.798484,0.208655,
-0.724580,0.207357,
-0.650890,0.206608,
-0.577405,0.206627,
-0.504301,0.206941,
-0.431738,0.206910,
-0.359665,0.206500,
-0.287847,0.206022,
-0.216037,0.205497,
-0.144119,0.204775,
-0.072084,0.204026,
0.000010,0.203698,
0.072099,0.204028,
0.144128,0.204779,
0.216042,0.205505,
0.287846,0.206035,
0.359650,0.206514,
0.431712,0.206920,
0.504278,0.206946,
0.577382,0.206627,
0.650856,0.206604,
0.724532,0.207354,
0.798429,0.208652,
0.872652,0.210174,
0.947227,0.211984,
1.022059,0.214096,
1.097090,0.216443,
1.172335,0.219013,
1.247920,0.221808,
1.323932,0.225013,
1.400404,0.228833,
1.477278,0.233235,
1.554459,0.238363,
1.631936,0.244382,
1.709762,0.251309,
1.788093,0.259219,
1.866985,0.268184,
1.946305,0.278483,
2.026114,0.290362,
2.106595,0.304084,
2.187915,0.319969,
2.270298,0.338669,
-2.300700,0.170507,
-2.215320,0.160880,
-2.131348,0.152738,
-2.048654,0.145757,
-1.966925,0.139701,
-1.885850,0.134454,
-1.805391,0.129911,
-1.725612,0.125916,
-1.646548,0.122423,
-1.567965,0.119386,
-1.489726,0.116811,
-1.411891,0.114577,
-1.334644,0.112626,
-1.257932,0.111014,
-1.181663,0.109659,
-1.105574,0.108411,
-1.029759,0.107171,
-0.954262,0.106011,
-0.879193,0.105146,
-0.804382,0.104417,
-0.729661,0.103687,
-0.655097,0.103285,
-0.581045,0.103399,
-0.507658,0.103627,
-0.434787,0.103573,
-0.362208,0.103312,
-0.289799,0.103050,
-0.217464,0.102783,
-0.145085,0.102434,
-0.072586,0.102075,
0.000011,0.101918,
0.072603,0.102077,
0.145094,0.102439,
0.217474,0.102790,
0.289799,0.103053,
0.362195,0.103314,
0.434772,0.103572,
0.507638,0.103617,
0.581016,0.103390,
0.655057,0.103283,
0.729609,0.103682,
0.804334,0.104398,
0.879159,0.105126,
0.954233,0.105994,
1.029747,0.107150,
1.105578,0.108396,
1.181655,0.109662,
1.257915,0.111026,
1.334650,0.112631,
1.411929,0.114575,
1.489775,0.116808,
1.568002,0.119388,
1.646552,0.122430,
1.725580,0.125924,
1.805333,0.129922,
1.885783,0.134472,
1.966881,0.139717,
2.048631,0.145777,
2.131337,0.152775,
2.215316,0.160918,
2.300699,0.170523,
-2.310905,0.000051,
-2.224477,0.000040,
-2.139647,0.000035,
-2.056170,0.000036,
-1.973757,0.000030,
-1.892100,0.000022,
-1.811090,0.000008,
-1.730888,-0.000000,
-1.651414,0.000002,
-1.572491,0.000002,
-1.493890,-0.000003,
-1.415734,-0.000010,
-1.338153,-0.000022,
-1.261279,-0.000032,
-1.184783,-0.000037,
-1.108447,-0.000036,
-1.032221,-0.000029,
-0.956574,-0.000025,
-0.881397,-0.000029,
-0.806370,-0.000032,
-0.731307,-0.000034,
-0.656451,-0.000038,
-0.582211,-0.000039,
-0.508769,-0.000032,
-0.435848,-0.000026,
-0.363100,-0.000027,
-0.290433,-0.000028,
-0.217886,-0.000030,
-0.145376,-0.000037,
-0.072754,-0.000041,
0.000004,-0.000039,
0.072761,-0.000036,
0.145381,-0.000035,
0.217888,-0.000033,
0.290432,-0.000032,
0.363096,-0.000041,
0.435838,-0.000047,
0.508756,-0.000048,
0.582185,-0.000051,
0.656412,-0.000050,
0.731270,-0.000046,
0.806342,-0.000047,
0.881368,-0.000047,
0.956566,-0.000041,
1.032225,-0.000037,
1.108440,-0.000028,
1.184767,-0.000019,
1.261277,-0.000018,
1.338174,-0.000017,
1.415767,-0.000009,
1.493924,0.000002,
1.572513,0.000011,
1.651406,0.000014,
1.730854,0.000021,
1.811050,0.000031,
1.892056,0.000038,
1.973737,0.000050,
2.056150,0.000066,
2.139627,0.000069,
2.224471,0.000076,
2.310899,0.000085,
-2.300727,-0.170403,
-2.215351,-0.160803,
-2.131397,-0.152668,
-2.048686,-0.145685,
-1.966936,-0.139639,
-1.885847,-0.134412,
-1.805390,-0.129885,
-1.725636,-0.125903,
-1.646584,-0.122421,
-1.568004,-0.119384,
-1.489770,-0.116812,
-1.411920,-0.114593,
-1.334656,-0.112663,
-1.257936,-0.111070,
-1.181667,-0.109721,
-1.105574,-0.108468,
-1.029741,-0.107228,
-0.954229,-0.106071,
-0.879158,-0.105202,
-0.804352,-0.104478,
-0.729632,-0.103763,
-0.655076,-0.103363,
-0.581030,-0.103470,
-0.507649,-0.103694,
-0.434779,-0.103637,
-0.362207,-0.103369,
-0.289809,-0.103109,
-0.217473,-0.102850,
-0.145092,-0.102506,
-0.072597,-0.102151,
-0.000004,-0.101996,
0.072592,-0.102153,
0.145088,-0.102509,
0.217468,-0.102859,
0.289803,-0.103128,
0.362203,-0.103393,
0.434773,-0.103662,
0.507634,-0.103720,
0.581010,-0.103490,
0.655055,-0.103380,
0.729612,-0.103783,
0.804336,-0.104496,
0.879154,-0.105217,
0.954230,-0.106080,
1.029738,-0.107222,
1.105559,-0.108450,
1.181656,-0.109705,
1.257939,-0.111062,
1.334670,-0.112658,
1.411942,-0.114590,
1.489787,-0.116810,
1.568000,-0.119371,
1.646557,-0.122390,
1.725594,-0.125873,
1.805355,-0.129865,
1.885828,-0.134397,
1.966908,-0.139616,
2.048657,-0.145653,
2.131371,-0.152631,
2.215335,-0.160757,
2.300728,-0.170351,
-2.270349,-0.338548,
-2.187998,-0.319859,
-2.106675,-0.303979,
-2.026206,-0.290274,
-1.946404,-0.278404,
-1.867062,-0.268116,
-1.788177,-0.259174,
-1.709832,-0.251280,
-1.631987,-0.244372,
-1.554498,-0.238365,
-1.477298,-0.233241,
-1.400426,-0.228845,
-1.323968,-0.225034,
-1.247951,-0.221845,
-1.172355,-0.219069,
-1.097097,-0.216513,
-1.022054,-0.214175,
-0.947218,-0.212071,
-0.872642,-0.210258,
-0.798420,-0.208729,
-0.724528,-0.207433,
-0.650854,-0.206684,
-0.577383,-0.206704,
-0.504283,-0.207015,
-0.431728,-0.206984,
-0.359666,-0.206575,
-0.287854,-0.206095,
-0.216044,-0.205570,
-0.144126,-0.204850,
-0.072100,-0.204100,
-0.000007,-0.203772,
0.072086,-0.204105,
0.144113,-0.204861,
0.216032,-0.205588,
0.287842,-0.206117,
0.359655,-0.206602,
0.431716,-0.207012,
0.504269,-0.207041,
0.577370,-0.206731,
0.650847,-0.206712,
0.724525,-0.207457,
0.798420,-0.208750,
0.872649,-0.210272,
0.947215,-0.212068,
1.022041,-0.214161,
1.097083,-0.216498,
1.172348,-0.219059,
1.247955,-0.221839,
1.323978,-0.225034,
1.400438,-0.228849,
1.477298,-0.233234,
1.554469,-0.238341,
1.631941,-0.244340,
1.709795,-0.251255,
1.788142,-0.259158,
1.867034,-0.268104,
1.946370,-0.278387,
2.026173,-0.290245,
2.106650,-0.303934,
2.187984,-0.319805,
2.270353,-0.338492,
-2.220220,-0.502231,
-2.142682,-0.475359,
-2.065587,-0.452444,
-1.988744,-0.432603,
-1.912071,-0.415328,
-1.835599,-0.400293,
-1.759297,-0.387179,
-1.683275,-0.375589,
-1.607469,-0.365386,
-1.531854,-0.356506,
-1.456337,-0.348886,
-1.381041,-0.342429,
-1.306015,-0.336790,
-1.231289,-0.331976,
-1.156865,-0.327843,
-1.082868,-0.324106,
-1.009108,-0.320687,
-0.935440,-0.317606,
-0.861892,-0.314963,
-0.788706,-0.312767,
-0.715971,-0.311005,
-0.643454,-0.309922,
-0.570970,-0.309654,
-0.498706,-0.309776,
-0.426908,-0.309719,
-0.355548,-0.309376,
-0.284413,-0.308858,
-0.213383,-0.308060,
-0.142348,-0.306912,
-0.071213,-0.305781,
-0.000007,-0.305303,
0.071197,-0.305789,
0.142331,-0.306926,
0.213364,-0.308080,
0.284394,-0.308881,
0.355529,-0.309401,
0.426889,-0.309744,
0.498692,-0.309804,
0.570965,-0.309685,
0.643455,-0.309952,
0.715975,-0.311034,
0.788717,-0.312789,
0.861890,-0.314969,
0.935434,-0.317601,
1.009092,-0.320677,
1.082859,-0.324098,
1.156863,-0.327839,
1.231293,-0.331978,
1.306029,-0.336796,
1.381043,-0.342430,
1.456318,-0.348874,
1.531821,-0.356485,
1.607432,-0.365366,
1.683239,-0.375571,
1.759269,-0.387168,
1.835570,-0.400291,
1.912047,-0.415323,
1.988716,-0.432577,
2.065563,-0.452399,
2.142670,-0.475308,
2.220212,-0.502184,
-2.150851,-0.659474,
-2.079767,-0.625708,
-2.008228,-0.596675,
-1.936288,-0.571482,
-1.863904,-0.549391,
-1.791297,-0.530061,
-1.718556,-0.513164,
-1.645668,-0.498194,
-1.572754,-0.484932,
-1.499770,-0.473362,
-1.426728,-0.463373,
-1.353571,-0.454881,
-1.280570,-0.447611,
-1.207742,-0.441293,
-1.135150,-0.435827,
-1.062809,-0.430898,
-0.990716,-0.426481,
-0.918666,-0.422615,
-0.846783,-0.419227,
-0.775184,-0.416387,
-0.703843,-0.414276,
-0.632698,-0.412925,
-0.561701,-0.412198,
-0.490820,-0.411887,
-0.420144,-0.411760,
-0.349708,-0.411555,
-0.279498,-0.411017,
-0.209522,-0.409976,
-0.139719,-0.408538,
-0.069914,-0.407209,
-0.000009,-0.406661,
0.069897,-0.407216,
0.139699,-0.408551,
0.209500,-0.409993,
0.279477,-0.411036,
0.349686,-0.411575,
0.420125,-0.411784,
0.490806,-0.411914,
0.561694,-0.412226,
0.632697,-0.412953,
0.703846,-0.414301,
0.775180,-0.416401,
0.846779,-0.419233,
0.918653,-0.422614,
0.990709,-0.426479,
1.062805,-0.430899,
1.135154,-0.435831,
1.207754,-0.441300,
1.280578,-0.447614,
1.353568,-0.454875,
1.426712,-0.463363,
1.499750,-0.473351,
1.572736,-0.484920,
1.645650,-0.498185,
1.718547,-0.513168,
1.791287,-0.530071,
1.863888,-0.549394,
1.936265,-0.571465,
2.008205,-0.596643,
2.079746,-0.625670,
2.150826,-0.659437,
-2.062853,-0.808338,
-1.999595,-0.769194,
-1.934795,-0.735218,
-1.868792,-0.705581,
-1.801806,-0.679526,
-1.734004,-0.656574,
-1.665599,-0.636283,
-1.596722,-0.618333,
-1.527522,-0.602372,
-1.457959,-0.588426,
-1.388017,-0.576353,
-1.317769,-0.565997,
-1.247386,-0.557123,
-1.177103,-0.549391,
-1.106848,-0.542660,
-1.036689,-0.536775,
-0.966620,-0.531514,
-0.896741,-0.526891,
-0.827031,-0.522876,
-0.757448,-0.519521,
-0.687977,-0.516964,
-0.618643,-0.515224,
-0.549392,-0.514163,
-0.480214,-0.513571,
-0.411106,-0.513201,
-0.342066,-0.512805,
-0.273191,-0.512116,
-0.204603,-0.510970,
-0.136305,-0.509556,
-0.068155,-0.508381,
-0.000010,-0.507929,
0.068134,-0.508387,
0.136285,-0.509566,
0.204584,-0.510984,
0.273173,-0.512132,
0.342049,-0.512823,
0.411092,-0.513221,
0.480203,-0.513592,
0.549381,-0.514184,
0.618633,-0.515244,
0.687966,-0.516977,
0.757435,-0.519532,
0.827019,-0.522883,
0.896732,-0.526897,
0.966617,-0.531522,
1.036691,-0.536782,
1.106856,-0.542668,
1.177112,-0.549393,
1.247386,-0.557117,
1.317767,-0.565988,
1.388014,-0.576344,
1.457955,-0.588418,
1.527524,-0.602370,
1.596733,-0.618343,
1.665606,-0.636297,
1.734003,-0.656591,
1.801793,-0.679539,
1.868769,-0.705585,
1.934765,-0.735205,
1.999559,-0.769167,
2.062813,-0.808308,
-1.956911,-0.946904,
-1.902380,-0.904051,
-1.845378,-0.866600,
-1.786304,-0.833686,
-1.725573,-0.804415,
-1.663391,-0.778575,
-1.600186,-0.755636,
-1.536116,-0.735304,
-1.471336,-0.717166,
-1.405932,-0.701163,
-1.339840,-0.687316,
-1.273213,-0.675302,
-1.206096,-0.664970,
-1.138828,-0.656048,
-1.071551,-0.648282,
-1.004094,-0.641515,
-0.936660,-0.635498,
-0.869407,-0.630193,
-0.802286,-0.625698,
-0.735161,-0.621914,
-0.667985,-0.618896,
-0.600809,-0.616777,
-0.533747,-0.615432,
-0.466721,-0.614508,
-0.399565,-0.613756,
-0.332427,-0.613020,
-0.265511,-0.612109,
-0.198777,-0.610970,
-0.132220,-0.609841,
-0.065976,-0.609049,
-0.000011,-0.608771,
0.065953,-0.609055,
0.132199,-0.609852,
0.198759,-0.610984,
0.265496,-0.612125,
0.332417,-0.613036,
0.399557,-0.613771,
0.466711,-0.614520,
0.533734,-0.615441,
0.600793,-0.616783,
0.667968,-0.618902,
0.735148,-0.621922,
0.802271,-0.625707,
0.869405,-0.630206,
0.936659,-0.635509,
1.004100,-0.641526,
1.071554,-0.648284,
1.138826,-0.656039,
1.206095,-0.664956,
1.273212,-0.675285,
1.339844,-0.687303,
1.405941,-0.701162,
1.471356,-0.717177,
1.536139,-0.735322,
1.600201,-0.755658,
1.663389,-0.778602,
1.725555,-0.804443,
1.786273,-0.833704,
1.845338,-0.866597,
1.902339,-0.904034,
1.956865,-0.946877,
-1.833635,-1.073123,
-1.788564,-1.028536,
-1.740063,-0.989025,
-1.688656,-0.954123,
-1.634946,-0.922893,
-1.579154,-0.895102,
-1.521871,-0.870305,
-1.463313,-0.848241,
-1.403691,-0.828576,
-1.343086,-0.810988,
-1.281519,-0.795704,
-1.219152,-0.782405,
-1.156088,-0.770960,
-1.092505,-0.761026,
-1.028681,-0.752250,
-0.964622,-0.744665,
-0.900394,-0.738123,
-0.836170,-0.732415,
-0.772035,-0.727478,
-0.707834,-0.723331,
-0.643410,-0.719990,
-0.578903,-0.717394,
-0.514458,-0.715510,
-0.449968,-0.714208,
-0.385360,-0.713172,
-0.320743,-0.712135,
-0.256223,-0.711111,
-0.191841,-0.710179,
-0.127640,-0.709333,
-0.063697,-0.708683,
-0.000010,-0.708438,
0.063677,-0.708689,
0.127619,-0.709344,
0.191821,-0.710192,
0.256208,-0.711124,
0.320733,-0.712146,
0.385353,-0.713181,
0.449959,-0.714214,
0.514445,-0.715512,
0.578889,-0.717396,
0.643400,-0.719995,
0.707823,-0.723340,
0.772031,-0.727493,
0.836162,-0.732427,
0.900397,-0.738134,
0.964623,-0.744667,
1.028678,-0.752243,
1.092500,-0.761012,
1.156081,-0.770940,
1.219151,-0.782387,
1.281527,-0.795696,
1.343104,-0.810996,
1.403711,-0.828594,
1.463334,-0.848269,
1.521882,-0.870338,
1.579149,-0.895139,
1.634922,-0.922927,
1.688617,-0.954145,
1.740023,-0.989032,
1.788522,-1.028522,
1.833592,-1.073099,
-1.693770,-1.184902,
-1.658527,-1.140600,
-1.618932,-1.100871,
-1.575624,-1.065369,
-1.529443,-1.033530,
-1.480756,-1.004947,
-1.430016,-0.979240,
-1.377553,-0.956279,
-1.323666,-0.935643,
-1.268502,-0.917298,
-1.212146,-0.901064,
-1.154756,-0.886779,
-1.096405,-0.874466,
-1.037327,-0.863708,
-0.977531,-0.854362,
-0.917371,-0.846330,
-0.857077,-0.839184,
-0.796532,-0.833014,
-0.735714,-0.827800,
-0.674771,-0.823332,
-0.613723,-0.819662,
-0.552579,-0.816694,
-0.491253,-0.814302,
-0.429726,-0.812511,
-0.368156,-0.811201,
-0.306592,-0.810094,
-0.245052,-0.809093,
-0.183680,-0.808218,
-0.122431,-0.807498,
-0.061195,-0.807005,
-0.000010,-0.806827,
0.061175,-0.807005,
0.122410,-0.807500,
0.183658,-0.808222,
0.245031,-0.809096,
0.306575,-0.810096,
0.368144,-0.811202,
0.429717,-0.812511,
0.491242,-0.814303,
0.552570,-0.816699,
0.613718,-0.819670,
0.674770,-0.823343,
0.735710,-0.827808,
0.796528,-0.833020,
0.857071,-0.839184,
0.917366,-0.846322,
0.977526,-0.854349,
1.037321,-0.863689,
1.096400,-0.874449,
1.154758,-0.886771,
1.212156,-0.901067,
1.268519,-0.917315,
1.323685,-0.935672,
1.377568,-0.956316,
1.430023,-0.979283,
1.480747,-1.004986,
1.529418,-1.033564,
1.575591,-1.065394,
1.618896,-1.100876,
1.658491,-1.140588,
1.693732,-1.184882,
-1.538366,-1.280363,
-1.512470,-1.238522,
-1.481788,-1.200520,
-1.446884,-1.166078,
-1.408451,-1.134878,
-1.367236,-1.106640,
-1.323592,-1.081190,
-1.277719,-1.058340,
-1.230247,-1.037555,
-1.180972,-1.019084,
-1.130457,-1.002491,
-1.078768,-0.987842,
-1.025736,-0.975328,
-0.971863,-0.964025,
-0.917047,-0.954151,
-0.861445,-0.945639,
-0.805571,-0.938012,
-0.749209,-0.931637,
-0.692495,-0.926322,
-0.635617,-0.921525,
-0.578481,-0.917533,
-0.521096,-0.914388,
-0.463493,-0.911683,
-0.405715,-0.909450,
-0.347842,-0.907790,
-0.289862,-0.906479,
-0.231824,-0.905356,
-0.173802,-0.904526,
-0.115869,-0.904043,
-0.058000,-0.903758,
-0.000014,-0.903634,
0.057974,-0.903753,
0.115846,-0.904036,
0.173780,-0.904519,
0.231802,-0.905351,
0.289842,-0.906476,
0.347826,-0.907788,
0.405702,-0.909448,
0.463483,-0.911681,
0.521089,-0.914388,
0.578479,-0.917535,
0.635614,-0.921525,
0.692487,-0.926315,
0.749200,-0.931624,
0.805561,-0.937996,
0.861439,-0.945626,
0.917041,-0.954137,
0.971859,-0.964012,
1.025737,-0.975323,
1.078773,-0.987846,
1.130469,-1.002508,
1.180984,-1.019115,
1.230260,-1.037596,
1.277730,-1.058383,
1.323595,-1.081232,
1.367228,-1.106680,
1.408432,-1.134912,
1.446855,-1.166096,
1.481755,-1.200523,
1.512438,-1.238510,
1.538332,-1.280344,
-1.368437,-1.358218,
-1.350663,-1.320776,
-1.328268,-1.286209,
-1.301499,-1.254570,
-1.271052,-1.225599,
-1.237473,-1.199083,
-1.201203,-1.174899,
-1.162470,-1.153010,
-1.121724,-1.133231,
-1.079092,-1.115420,
-1.035004,-1.099263,
-0.989396,-1.084910,
-0.942408,-1.072165,
-0.894455,-1.060750,
-0.845215,-1.051063,
-0.795074,-1.042543,
-0.744391,-1.034718,
-0.693052,-1.028158,
-0.641188,-1.022557,
-0.589015,-1.017507,
-0.536471,-1.013280,
-0.483526,-1.009934,
-0.430412,-1.007123,
-0.377158,-1.004637,
-0.323550,-1.002594,
-0.269751,-1.001108,
-0.215892,-0.999982,
-0.161856,-0.999084,
-0.107861,-0.998431,
-0.053985,-0.998002,
-0.000017,-0.997833,
0.053955,-0.998000,
0.107840,-0.998429,
0.161838,-0.999083,
0.215872,-0.999983,
0.269728,-1.001108,
0.323528,-1.002590,
0.377139,-1.004631,
0.430396,-1.007115,
0.483514,-1.009925,
0.536463,-1.013268,
0.589004,-1.017490,
0.641174,-1.022536,
0.693037,-1.028133,
0.744384,-1.034699,
0.795070,-1.042528,
0.845215,-1.051055,
0.894457,-1.060749,
0.942411,-1.072174,
0.989404,-1.084931,
1.035016,-1.099291,
1.079101,-1.115456,
1.121729,-1.133269,
1.162471,-1.153051,
1.201199,-1.174942,
1.237463,-1.199123,
1.271034,-1.225626,
1.301473,-1.254581,
1.328236,-1.286203,
1.350632,-1.320757,
1.368406,-1.358196,
-1.183517,-1.417339,
-1.172790,-1.386044,
-1.157678,-1.356695,
-1.138463,-1.329415,
-1.115701,-1.304113,
-1.089638,-1.280733,
-1.060804,-1.259123,
-1.029549,-1.239242,
-0.995923,-1.221164,
-0.960441,-1.204764,
-0.923264,-1.189874,
-0.884268,-1.176549,
-0.844092,-1.164355,
-0.802553,-1.153445,
-0.759623,-1.144018,
-0.716033,-1.135446,
-0.671468,-1.128080,
-0.625846,-1.121755,
-0.579723,-1.115868,
-0.533155,-1.110815,
-0.486095,-1.106663,
-0.438556,-1.103094,
-0.390630,-1.100069,
-0.342468,-1.097447,
-0.294101,-1.095283,
-0.245460,-1.093663,
-0.196578,-1.092207,
-0.147638,-1.090799,
-0.098588,-1.089874,
-0.049323,-1.089581,
-0.000014,-1.089560,
0.049298,-1.089583,
0.098569,-1.089875,
0.147624,-1.090800,
0.196559,-1.092207,
0.245434,-1.093659,
0.294072,-1.095272,
0.342441,-1.097430,
0.390609,-1.100048,
0.438542,-1.103076,
0.486084,-1.106646,
0.533143,-1.110798,
0.579707,-1.115847,
0.625833,-1.121734,
0.671457,-1.128061,
0.716031,-1.135436,
0.759628,-1.144016,
0.802562,-1.153450,
0.844102,-1.164371,
0.884279,-1.176573,
0.923273,-1.189905,
0.960443,-1.204802,
0.995921,-1.221206,
1.029541,-1.239283,
1.060790,-1.259160,
1.089621,-1.280762,
1.115681,-1.304130,
1.138438,-1.329417,
1.157652,-1.356681,
1.172764,-1.386018,
1.183491,-1.417306,
-0.981837,-1.456242,
-0.976488,-1.432752,
-0.967426,-1.410215,
-0.954995,-1.388644,
-0.939163,-1.368247,
-0.920393,-1.349135,
-0.898942,-1.331365,
-0.875041,-1.314896,
-0.849114,-1.299577,
-0.820841,-1.285512,
-0.791053,-1.272449,
-0.759548,-1.260574,
-0.726496,-1.249901,
-0.692348,-1.240269,
-0.656838,-1.231697,
-0.620306,-1.223902,
-0.582639,-1.216924,
-0.544063,-1.210754,
-0.504864,-1.205328,
-0.464890,-1.200639,
-0.424397,-1.196386,
-0.383437,-1.192684,
-0.341810,-1.189703,
-0.299910,-1.187003,
-0.257868,-1.184464,
-0.215325,-1.182441,
-0.172559,-1.180905,
-0.129834,-1.179600,
-0.086751,-1.178631,
-0.043350,-1.178046,
-0.000008,-1.177824,
0.043332,-1.178049,
0.086733,-1.178630,
0.129819,-1.179595,
0.172543,-1.180898,
0.215305,-1.182433,
0.257844,-1.184457,
0.299886,-1.186997,
0.341789,-1.189699,
0.383419,-1.192679,
0.424382,-1.196378,
0.464878,-1.200630,
0.504854,-1.205324,
0.544054,-1.210755,
0.582633,-1.216933,
0.620302,-1.223913,
0.656837,-1.231712,
0.692352,-1.240287,
0.726500,-1.249923,
0.759552,-1.260603,
0.791057,-1.272483,
0.820842,-1.285549,
0.849110,-1.299614,
0.875030,-1.314928,
0.898926,-1.331391,
0.920374,-1.349153,
0.939144,-1.368253,
0.954976,-1.388639,
0.967410,-1.410197,
0.976472,-1.432722,
0.981823,-1.456206,
-0.756842,-1.474223,
-0.755502,-1.458413,
-0.751196,-1.443021,
-0.744216,-1.428197,
-0.734593,-1.413980,
-0.722337,-1.400440,
-0.707817,-1.387623,
-0.691242,-1.375557,
-0.672566,-1.364288,
-0.652359,-1.353726,
-0.630339,-1.343919,
-0.606849,-1.334852,
-0.582040,-1.326441,
-0.555834,-1.318775,
-0.528535,-1.311741,
-0.500143,-1.305397,
-0.470960,-1.299583,
-0.440891,-1.294286,
-0.409848,-1.289511,
-0.378211,-1.285098,
-0.345899,-1.281183,
-0.312918,-1.277769,
-0.279653,-1.274531,
-0.245860,-1.271599,
-0.211312,-1.269252,
-0.176552,-1.267170,
-0.141689,-1.265122,
-0.106402,-1.263640,
-0.071032,-1.262866,
-0.035695,-1.262148,
-0.000006,-1.261710,
0.035679,-1.262144,
0.071012,-1.262858,
0.106383,-1.263630,
0.141673,-1.265114,
0.176539,-1.267161,
0.211302,-1.269244,
0.245849,-1.271596,
0.279637,-1.274530,
0.312902,-1.277766,
0.345888,-1.281183,
0.378207,-1.285110,
0.409847,-1.289536,
0.440884,-1.294319,
0.470949,-1.299612,
0.500132,-1.305423,
0.528528,-1.311767,
0.555833,-1.318808,
0.582041,-1.326480,
0.606848,-1.334897,
0.630334,-1.343964,
0.652356,-1.353765,
0.672557,-1.364324,
0.691227,-1.375587,
0.707800,-1.387643,
0.722319,-1.400449,
0.734578,-1.413972,
0.744203,-1.428174,
0.751187,-1.442996,
0.755492,-1.458373,
0.756835,-1.474187,
-0.488114,-1.457363,
-0.487662,-1.451755,
-0.485621,-1.445944,
-0.482166,-1.440124,
-0.477347,-1.434251,
-0.471041,-1.428373,
-0.463114,-1.422572,
-0.453696,-1.416856,
-0.443069,-1.411189,
-0.431287,-1.405724,
-0.418395,-1.400277,
-0.404291,-1.395116,
-0.388945,-1.390030,
-0.372551,-1.385216,
-0.355227,-1.380517,
-0.337166,-1.376046,
-0.318379,-1.371750,
-0.298914,-1.367693,
-0.278758,-1.363887,
-0.257828,-1.360388,
-0.236239,-1.357156,
-0.214136,-1.354157,
-0.191544,-1.351409,
-0.168594,-1.348887,
-0.145363,-1.346580,
-0.121688,-1.344609,
-0.097605,-1.343087,
-0.073341,-1.341916,
-0.048924,-1.341018,
-0.024420,-1.340513,
-0.000012,-1.340374,
0.024403,-1.340490,
0.048915,-1.340999,
0.073329,-1.341918,
0.097588,-1.343102,
0.121675,-1.344618,
0.145354,-1.346580,
0.168580,-1.348889,
0.191519,-1.351420,
0.214116,-1.354174,
0.236237,-1.357170,
0.257838,-1.360395,
0.278762,-1.363893,
0.298904,-1.367698,
0.318362,-1.371753,
0.337156,-1.376052,
0.355227,-1.380521,
0.372553,-1.385225,
0.388941,-1.390034,
0.404286,-1.395137,
0.418388,-1.400295,
0.431279,-1.405743,
0.443060,-1.411209,
0.453684,-1.416870,
0.463102,-1.422583,
0.471031,-1.428386,
0.477340,-1.434248,
0.482161,-1.440112,
0.485612,-1.445958,
0.487652,-1.451726,
0.488099,-1.457360,
-0.000007,-1.416879,
0,0,1,2,
0,0,2,3,
0,0,3,4,
0,0,4,5,
0,0,5,6,
0,0,6,7,
0,0,7,8,
0,0,8,9,
0,0,9,10,
0,0,10,11,
0,0,11,12,
0,0,12,13,
0,0,13,14,
0,0,14,15,
0,0,15,16,
0,0,16,17,
0,0,17,18,
0,0,18,19,
0,0,19,20,
0,0,20,21,
0,0,21,22,
0,0,22,23,
0,0,23,24,
0,0,24,25,
0,0,25,26,
0,0,26,27,
0,0,27,28,
0,0,28,29,
0,0,29,30,
0,0,30,31,
0,0,31,32,
0,0,32,33,
0,0,33,34,
0,0,34,35,
0,0,35,36,
0,0,36,37,
0,0,37,38,
0,0,38,39,
0,0,39,40,
0,0,40,41,
0,0,41,42,
0,0,42,43,
0,0,43,44,
0,0,44,45,
0,0,45,46,
0,0,46,47,
0,0,47,48,
0,0,48,49,
0,0,49,50,
0,0,50,51,
0,0,51,52,
0,0,52,53,
0,0,53,54,
0,0,54,55,
0,0,55,56,
0,0,56,57,
0,0,57,58,
0,0,58,59,
0,0,59,60,
0,0,60,61,
2,1,62,63,
3,2,63,64,
4,3,64,65,
5,4,65,66,
6,5,66,67,
7,6,67,68,
8,7,68,69,
9,8,69,70,
10,9,70,71,
11,10,71,72,
12,11,72,73,
13,12,73,74,
14,13,74,75,
15,14,75,76,
16,15,76,77,
17,16,77,78,
18,17,78,79,
19,18,79,80,
20,19,80,81,
21,20,81,82,
22,21,82,83,
23,22,83,84,
24,23,84,85,
25,24,85,86,
26,25,86,87,
27,26,87,88,
28,27,88,89,
29,28,89,90,
30,29,90,91,
31,30,91,92,
32,31,92,93,
33,32,93,94,
34,33,94,95,
35,34,95,96,
36,35,96,97,
37,36,97,98,
38,37,98,99,
39,38,99,100,
40,39,100,101,
41,40,101,102,
42,41,102,103,
43,42,103,104,
44,43,104,105,
45,44,105,106,
46,45,106,107,
47,46,107,108,
48,47,108,109,
49,48,109,110,
50,49,110,111,
51,50,111,112,
52,51,112,113,
53,52,113,114,
54,53,114,115,
55,54,115,116,
56,55,116,117,
57,56,117,118,
58,57,118,119,
59,58,119,120,
60,59,120,121,
61,60,121,122,
63,62,123,124,
64,63,124,125,
65,64,125,126,
66,65,126,127,
67,66,127,128,
68,67,128,129,
69,68,129,130,
70,69,130,131,
71,70,131,132,
72,71,132,133,
73,72,133,134,
74,73,134,135,
75,74,135,136,
76,75,136,137,
77,76,137,138,
78,77,138,139,
79,78,139,140,
80,79,140,141,
81,80,141,142,
82,81,142,143,
83,82,143,144,
84,83,144,145,
85,84,145,146,
86,85,146,147,
87,86,147,148,
88,87,148,149,
89,88,149,150,
90,89,150,151,
91,90,151,152,
92,91,152,153,
93,92,153,154,
94,93,154,155,
95,94,155,156,
96,95,156,157,
97,96,157,158,
98,97,158,159,
99,98,159,160,
100,99,160,161,
101,100,161,162,
102,101,162,163,
103,102,163,164,
104,103,164,165,
105,104,165,166,
106,105,166,167,
107,106,167,168,
108,107,168,169,
109,108,169,170,
110,109,170,171,
111,110,171,172,
112,111,172,173,
113,112,173,174,
114,113,174,175,
115,114,175,176,
116,115,176,177,
117,116,177,178,
118,117,178,179,
119,118,179,180,
120,119,180,181,
121,120,181,182,
122,121,182,183,
124,123,184,185,
125,124,185,186,
126,125,186,187,
127,126,187,188,
128,127,188,189,
129,128,189,190,
130,129,190,191,
131,130,191,192,
132,131,192,193,
133,132,193,194,
134,133,194,195,
135,134,195,196,
136,135,196,197,
137,136,197,198,
138,137,198,199,
139,138,199,200,
140,139,200,201,
141,140,201,202,
142,141,202,203,
143,142,203,204,
144,143,204,205,
145,144,205,206,
146,145,206,207,
147,146,207,208,
148,147,208,209,
149,148,209,210,
150,149,210,211,
151,150,211,212,
152,151,212,213,
153,152,213,214,
154,153,214,215,
155,154,215,216,
156,155,216,217,
157,156,217,218,
158,157,218,219,
159,158,219,220,
160,159,220,221,
161,160,221,222,
162,161,222,223,
163,162,223,224,
164,163,224,225,
165,164,225,226,
166,165,226,227,
167,166,227,228,
168,167,228,229,
169,168,229,230,
170,169,230,231,
171,170,231,232,
172,171,232,233,
173,172,233,234,
174,173,234,235,
175,174,235,236,
176,175,236,237,
177,176,237,238,
178,177,238,239,
179,178,239,240,
180,179,240,241,
181,180,241,242,
182,181,242,243,
183,182,243,244,
185,184,245,246,
186,185,246,247,
187,186,247,248,
188,187,248,249,
189,188,249,250,
190,189,250,251,
191,190,251,252,
192,191,252,253,
193,192,253,254,
194,193,254,255,
195,194,255,256,
196,195,256,257,
197,196,257,258,
198,197,258,259,
199,198,259,260,
200,199,260,261,
201,200,261,262,
202,201,262,263,
203,202,263,264,
204,203,264,265,
205,204,265,266,
206,205,266,267,
207,206,267,268,
208,207,268,269,
209,208,269,270,
210,209,270,271,
211,210,271,272,
212,211,272,273,
213,212,273,274,
214,213,274,275,
215,214,275,276,
216,215,276,277,
217,216,277,278,
218,217,278,279,
219,218,279,280,
220,219,280,281,
221,220,281,282,
222,221,282,283,
223,222,283,284,
224,223,284,285,
225,224,285,286,
226,225,286,287,
227,226,287,288,
228,227,288,289,
229,228,289,290,
230,229,290,291,
231,230,291,292,
232,231,292,293,
233,232,293,294,
234,233,294,295,
235,234,295,296,
236,235,296,297,
237,236,297,298,
238,237,298,299,
239,238,299,300,
240,239,300,301,
241,240,301,302,
242,241,302,303,
243,242,303,304,
244,243,304,305,
246,245,306,307,
247,246,307,308,
248,247,308,309,
249,248,309,310,
250,249,310,311,
251,250,311,312,
252,251,312,313,
253,252,313,314,
254,253,314,315,
255,254,315,316,
256,255,316,317,
257,256,317,318,
258,257,318,319,
259,258,319,320,
260,259,320,321,
261,260,321,322,
262,261,322,323,
263,262,323,324,
264,263,324,325,
265,264,325,326,
266,265,326,327,
267,266,327,328,
268,267,328,329,
269,268,329,330,
270,269,330,331,
271,270,331,332,
272,271,332,333,
273,272,333,334,
274,273,334,335,
275,274,335,336,
276,275,336,337,
277,276,337,338,
278,277,338,339,
279,278,339,340,
280,279,340,341,
281,280,341,342,
282,281,342,343,
283,282,343,344,
284,283,344,345,
285,284,345,346,
286,285,346,347,
287,286,347,348,
288,287,348,349,
289,288,349,350,
290,289,350,351,
291,290,351,352,
292,291,352,353,
293,292,353,354,
294,293,354,355,
295,294,355,356,
296,295,356,357,
297,296,357,358,
298,297,358,359,
299,298,359,360,
300,299,360,361,
301,300,361,362,
302,301,362,363,
303,302,363,364,
304,303,364,365,
305,304,365,366,
307,306,367,368,
308,307,368,369,
309,308,369,370,
310,309,370,371,
311,310,371,372,
312,311,372,373,
313,312,373,374,
314,313,374,375,
315,314,375,376,
316,315,376,377,
317,316,377,378,
318,317,378,379,
319,318,379,380,
320,319,380,381,
321,320,381,382,
322,321,382,383,
323,322,383,384,
324,323,384,385,
325,324,385,386,
326,325,386,387,
327,326,387,388,
328,327,388,389,
329,328,389,390,
330,329,390,391,
331,330,391,392,
332,331,392,393,
333,332,393,394,
334,333,394,395,
335,334,395,396,
336,335,396,397,
337,336,397,398,
338,337,398,399,
339,338,399,400,
340,339,400,401,
341,340,401,402,
342,341,402,403,
343,342,403,404,
344,343,404,405,
345,344,405,406,
346,345,406,407,
347,346,407,408,
348,347,408,409,
349,348,409,410,
350,349,410,411,
351,350,411,412,
352,351,412,413,
353,352,413,414,
354,353,414,415,
355,354,415,416,
356,355,416,417,
357,356,417,418,
358,357,418,419,
359,358,419,420,
360,359,420,421,
361,360,421,422,
362,361,422,423,
363,362,423,424,
364,363,424,425,
365,364,425,426,
366,365,426,427,
368,367,428,429,
369,368,429,430,
370,369,430,431,
371,370,431,432,
372,371,432,433,
373,372,433,434,
374,373,434,435,
375,374,435,436,
376,375,436,437,
377,376,437,438,
378,377,438,439,
379,378,439,440,
380,379,440,441,
381,380,441,442,
382,381,442,443,
383,382,443,444,
384,383,444,445,
385,384,445,446,
386,385,446,447,
387,386,447,448,
388,387,448,449,
389,388,449,450,
390,389,450,451,
391,390,451,452,
392,391,452,453,
393,392,453,454,
394,393,454,455,
395,394,455,456,
396,395,456,457,
397,396,457,458,
398,397,458,459,
399,398,459,460,
400,399,460,461,
401,400,461,462,
402,401,462,463,
403,402,463,464,
404,403,464,465,
405,404,465,466,
406,405,466,467,
407,406,467,468,
408,407,468,469,
409,408,469,470,
410,409,470,471,
411,410,471,472,
412,411,472,473,
413,412,473,474,
414,413,474,475,
415,414,475,476,
416,415,476,477,
417,416,477,478,
418,417,478,479,
419,418,479,480,
420,419,480,481,
421,420,481,482,
422,421,482,483,
423,422,483,484,
424,423,484,485,
425,424,485,486,
426,425,486,487,
427,426,487,488,
429,428,489,490,
430,429,490,491,
431,430,491,492,
432,431,492,493,
433,432,493,494,
434,433,494,495,
435,434,495,496,
436,435,496,497,
437,436,497,498,
438,437,498,499,
439,438,499,500,
440,439,500,501,
441,440,501,502,
442,441,502,503,
443,442,503,504,
444,443,504,505,
445,444,505,506,
446,445,506,507,
447,446,507,508,
448,447,508,509,
449,448,509,510,
450,449,510,511,
451,450,511,512,
452,451,512,513,
453,452,513,514,
454,453,514,515,
455,454,515,516,
456,455,516,517,
457,456,517,518,
458,457,518,519,
459,458,519,520,
460,459,520,521,
461,460,521,522,
462,461,522,523,
463,462,523,524,
464,463,524,525,
465,464,525,526,
466,465,526,527,
467,466,527,528,
468,467,528,529,
469,468,529,530,
470,469,530,531,
471,470,531,532,
472,471,532,533,
473,472,533,534,
474,473,534,535,
475,474,535,536,
476,475,536,537,
477,476,537,538,
478,477,538,539,
479,478,539,540,
480,479,540,541,
481,480,541,542,
482,481,542,543,
483,482,543,544,
484,483,544,545,
485,484,545,546,
486,485,546,547,
487,486,547,548,
488,487,548,549,
490,489,550,551,
491,490,551,552,
492,491,552,553,
493,492,553,554,
494,493,554,555,
495,494,555,556,
496,495,556,557,
497,496,557,558,
498,497,558,559,
499,498,559,560,
500,499,560,561,
501,500,561,562,
502,501,562,563,
503,502,563,564,
504,503,564,565,
505,504,565,566,
506,505,566,567,
507,506,567,568,
508,507,568,569,
509,508,569,570,
510,509,570,571,
511,510,571,572,
512,511,572,573,
513,512,573,574,
514,513,574,575,
515,514,575,576,
516,515,576,577,
517,516,577,578,
518,517,578,579,
519,518,579,580,
520,519,580,581,
521,520,581,582,
522,521,582,583,
523,522,583,584,
524,523,584,585,
525,524,585,586,
526,525,586,587,
527,526,587,588,
528,527,588,589,
529,528,589,590,
530,529,590,591,
531,530,591,592,
532,531,592,593,
533,532,593,594,
534,533,594,595,
535,534,595,596,
536,535,596,597,
537,536,597,598,
538,537,598,599,
539,538,599,600,
540,539,600,601,
541,540,601,602,
542,541,602,603,
543,542,603,604,
544,543,604,605,
545,544,605,606,
546,545,606,607,
547,546,607,608,
548,547,608,609,
549,548,609,610,
551,550,611,612,
552,551,612,613,
553,552,613,614,
554,553,614,615,
555,554,615,616,
556,555,616,617,
557,556,617,618,
558,557,618,619,
559,558,619,620,
560,559,620,621,
561,560,621,622,
562,561,622,623,
563,562,623,624,
564,563,624,625,
565,564,625,626,
566,565,626,627,
567,566,627,628,
568,567,628,629,
569,568,629,630,
570,569,630,631,
571,570,631,632,
572,571,632,633,
573,572,633,634,
574,573,634,635,
575,574,635,636,
576,575,636,637,
577,576,637,638,
578,577,638,639,
579,578,639,640,
580,579,640,641,
581,580,641,642,
582,581,642,643,
583,582,643,644,
584,583,644,645,
585,584,645,646,
586,585,646,647,
587,586,647,648,
588,587,648,649,
589,588,649,650,
590,589,650,651,
591,590,651,652,
592,591,652,653,
593,592,653,654,
594,593,654,655,
595,594,655,656,
596,595,656,657,
597,596,657,658,
598,597,658,659,
599,598,659,660,
600,599,660,661,
601,600,661,662,
602,601,662,663,
603,602,663,664,
604,603,664,665,
605,604,665,666,
606,605,666,667,
607,606,667,668,
608,607,668,669,
609,608,669,670,
610,609,670,671,
612,611,672,673,
613,612,673,674,
614,613,674,675,
615,614,675,676,
616,615,676,677,
617,616,677,678,
618,617,678,679,
619,618,679,680,
620,619,680,681,
621,620,681,682,
622,621,682,683,
623,622,683,684,
624,623,684,685,
625,624,685,686,
626,625,686,687,
627,626,687,688,
628,627,688,689,
629,628,689,690,
630,629,690,691,
631,630,691,692,
632,631,692,693,
633,632,693,694,
634,633,694,695,
635,634,695,696,
636,635,696,697,
637,636,697,698,
638,637,698,699,
639,638,699,700,
640,639,700,701,
641,640,701,702,
642,641,702,703,
643,642,703,704,
644,643,704,705,
645,644,705,706,
646,645,706,707,
647,646,707,708,
648,647,708,709,
649,648,709,710,
650,649,710,711,
651,650,711,712,
652,651,712,713,
653,652,713,714,
654,653,714,715,
655,654,715,716,
656,655,716,717,
657,656,717,718,
658,657,718,719,
659,658,719,720,
660,659,720,721,
661,660,721,722,
662,661,722,723,
663,662,723,724,
664,663,724,725,
665,664,725,726,
666,665,726,727,
667,666,727,728,
668,667,728,729,
669,668,729,730,
670,669,730,731,
671,670,731,732,
673,672,733,734,
674,673,734,735,
675,674,735,736,
676,675,736,737,
677,676,737,738,
678,677,738,739,
679,678,739,740,
680,679,740,741,
681,680,741,742,
682,681,742,743,
683,682,743,744,
684,683,744,745,
685,684,745,746,
686,685,746,747,
687,686,747,748,
688,687,748,749,
689,688,749,750,
690,689,750,751,
691,690,751,752,
692,691,752,753,
693,692,753,754,
694,693,754,755,
695,694,755,756,
696,695,756,757,
697,696,757,758,
698,697,758,759,
699,698,759,760,
700,699,760,761,
701,700,761,762,
702,701,762,763,
703,702,763,764,
704,703,764,765,
705,704,765,766,
706,705,766,767,
707,706,767,768,
708,707,768,769,
709,708,769,770,
710,709,770,771,
711,710,771,772,
712,711,772,773,
713,712,773,774,
714,713,774,775,
715,714,775,776,
716,715,776,777,
717,716,777,778,
718,717,778,779,
719,718,779,780,
720,719,780,781,
721,720,781,782,
722,721,782,783,
723,722,783,784,
724,723,784,785,
725,724,785,786,
726,725,786,787,
727,726,787,788,
728,727,788,789,
729,728,789,790,
730,729,790,791,
731,730,791,792,
732,731,792,793,
734,733,794,795,
735,734,795,796,
736,735,796,797,
737,736,797,798,
738,737,798,799,
739,738,799,800,
740,739,800,801,
741,740,801,802,
742,741,802,803,
743,742,803,804,
744,743,804,805,
745,744,805,806,
746,745,806,807,
747,746,807,808,
748,747,808,809,
749,748,809,810,
750,749,810,811,
751,750,811,812,
752,751,812,813,
753,752,813,814,
754,753,814,815,
755,754,815,816,
756,755,816,817,
757,756,817,818,
758,757,818,819,
759,758,819,820,
760,759,820,821,
761,760,821,822,
762,761,822,823,
763,762,823,824,
764,763,824,825,
765,764,825,826,
766,765,826,827,
767,766,827,828,
768,767,828,829,
769,768,829,830,
770,769,830,831,
771,770,831,832,
772,771,832,833,
773,772,833,834,
774,773,834,835,
775,774,835,836,
776,775,836,837,
777,776,837,838,
778,777,838,839,
779,778,839,840,
780,779,840,841,
781,780,841,842,
782,781,842,843,
783,782,843,844,
784,783,844,845,
785,784,845,846,
786,785,846,847,
787,786,847,848,
788,787,848,849,
789,788,849,850,
790,789,850,851,
791,790,851,852,
792,791,852,853,
793,792,853,854,
795,794,855,856,
796,795,856,857,
797,796,857,858,
798,797,858,859,
799,798,859,860,
800,799,860,861,
801,800,861,862,
802,801,862,863,
803,802,863,864,
804,803,864,865,
805,804,865,866,
806,805,866,867,
807,806,867,868,
808,807,868,869,
809,808,869,870,
810,809,870,871,
811,810,871,872,
812,811,872,873,
813,812,873,874,
814,813,874,875,
815,814,875,876,
816,815,876,877,
817,816,877,878,
818,817,878,879,
819,818,879,880,
820,819,880,881,
821,820,881,882,
822,821,882,883,
823,822,883,884,
824,823,884,885,
825,824,885,886,
826,825,886,887,
827,826,887,888,
828,827,888,889,
829,828,889,890,
830,829,890,891,
831,830,891,892,
832,831,892,893,
833,832,893,894,
834,833,894,895,
835,834,895,896,
836,835,896,897,
837,836,897,898,
838,837,898,899,
839,838,899,900,
840,839,900,901,
841,840,901,902,
842,841,902,903,
843,842,903,904,
844,843,904,905,
845,844,905,906,
846,845,906,907,
847,846,907,908,
848,847,908,909,
849,848,909,910,
850,849,910,911,
851,850,911,912,
852,851,912,913,
853,852,913,914,
854,853,914,915,
856,855,916,917,
857,856,917,918,
858,857,918,919,
859,858,919,920,
860,859,920,921,
861,860,921,922,
862,861,922,923,
863,862,923,924,
864,863,924,925,
865,864,925,926,
866,865,926,927,
867,866,927,928,
868,867,928,929,
869,868,929,930,
870,869,930,931,
871,870,931,932,
872,871,932,933,
873,872,933,934,
874,873,934,935,
875,874,935,936,
876,875,936,937,
877,876,937,938,
878,877,938,939,
879,878,939,940,
880,879,940,941,
881,880,941,942,
882,881,942,943,
883,882,943,944,
884,883,944,945,
885,884,945,946,
886,885,946,947,
887,886,947,948,
888,887,948,949,
889,888,949,950,
890,889,950,951,
891,890,951,952,
892,891,952,953,
893,892,953,954,
894,893,954,955,
895,894,955,956,
896,895,956,957,
897,896,957,958,
898,897,958,959,
899,898,959,960,
900,899,960,961,
901,900,961,962,
902,901,962,963,
903,902,963,964,
904,903,964,965,
905,904,965,966,
906,905,966,967,
907,906,967,968,
908,907,968,969,
909,908,969,970,
910,909,970,971,
911,910,971,972,
912,911,972,973,
913,912,973,974,
914,913,974,975,
915,914,975,976,
917,916,977,978,
918,917,978,979,
919,918,979,980,
920,919,980,981,
921,920,981,982,
922,921,982,983,
923,922,983,984,
924,923,984,985,
925,924,985,986,
926,925,986,987,
927,926,987,988,
928,927,988,989,
929,928,989,990,
930,929,990,991,
931,930,991,992,
932,931,992,993,
933,932,993,994,
934,933,994,995,
935,934,995,996,
936,935,996,997,
937,936,997,998,
938,937,998,999,
939,938,999,1000,
940,939,1000,1001,
941,940,1001,1002,
942,941,1002,1003,
943,942,1003,1004,
944,943,1004,1005,
945,944,1005,1006,
946,945,1006,1007,
947,946,1007,1008,
948,947,1008,1009,
949,948,1009,1010,
950,949,1010,1011,
951,950,1011,1012,
952,951,1012,1013,
953,952,1013,1014,
954,953,1014,1015,
955,954,1015,1016,
956,955,1016,1017,
957,956,1017,1018,
958,957,1018,1019,
959,958,1019,1020,
960,959,1020,1021,
961,960,1021,1022,
962,961,1022,1023,
963,962,1023,1024,
964,963,1024,1025,
965,964,1025,1026,
966,965,1026,1027,
967,966,1027,1028,
968,967,1028,1029,
969,968,1029,1030,
970,969,1030,1031,
971,970,1031,1032,
972,971,1032,1033,
973,972,1033,1034,
974,973,1034,1035,
975,974,1035,1036,
976,975,1036,1037,
978,977,1038,1039,
979,978,1039,1040,
980,979,1040,1041,
981,980,1041,1042,
982,981,1042,1043,
983,982,1043,1044,
984,983,1044,1045,
985,984,1045,1046,
986,985,1046,1047,
987,986,1047,1048,
988,987,1048,1049,
989,988,1049,1050,
990,989,1050,1051,
991,990,1051,1052,
992,991,1052,1053,
993,992,1053,1054,
994,993,1054,1055,
995,994,1055,1056,
996,995,1056,1057,
997,996,1057,1058,
998,997,1058,1059,
999,998,1059,1060,
1000,999,1060,1061,
1001,1000,1061,1062,
1002,1001,1062,1063,
1003,1002,1063,1064,
1004,1003,1064,1065,
1005,1004,1065,1066,
1006,1005,1066,1067,
1007,1006,1067,1068,
1008,1007,1068,1069,
1009,1008,1069,1070,
1010,1009,1070,1071,
1011,1010,1071,1072,
1012,1011,1072,1073,
1013,1012,1073,1074,
1014,1013,1074,1075,
1015,1014,1075,1076,
1016,1015,1076,1077,
1017,1016,1077,1078,
1018,1017,1078,1079,
1019,1018,1079,1080,
1020,1019,1080,1081,
1021,1020,1081,1082,
1022,1021,1082,1083,
1023,1022,1083,1084,
1024,1023,1084,1085,
1025,1024,1085,1086,
1026,1025,1086,1087,
1027,1026,1087,1088,
1028,1027,1088,1089,
1029,1028,1089,1090,
1030,1029,1090,1091,
1031,1030,1091,1092,
1032,1031,1092,1093,
1033,1032,1093,1094,
1034,1033,1094,1095,
1035,1034,1095,1096,
1036,1035,1096,1097,
1037,1036,1097,1098,
1039,1038,1099,1100,
1040,1039,1100,1101,
1041,1040,1101,1102,
1042,1041,1102,1103,
1043,1042,1103,1104,
1044,1043,1104,1105,
1045,1044,1105,1106,
1046,1045,1106,1107,
1047,1046,1107,1108,
1048,1047,1108,1109,
1049,1048,1109,1110,
1050,1049,1110,1111,
1051,1050,1111,1112,
1052,1051,1112,1113,
1053,1052,1113,1114,
1054,1053,1114,1115,
1055,1054,1115,1116,
1056,1055,1116,1117,
1057,1056,1117,1118,
1058,1057,1118,1119,
1059,1058,1119,1120,
1060,1059,1120,1121,
1061,1060,1121,1122,
1062,1061,1122,1123,
1063,1062,1123,1124,
1064,1063,1124,1125,
1065,1064,1125,1126,
1066,1065,1126,1127,
1067,1066,1127,1128,
1068,1067,1128,1129,
1069,1068,1129,1130,
1070,1069,1130,1131,
1071,1070,1131,1132,
1072,1071,1132,1133,
1073,1072,1133,1134,
1074,1073,1134,1135,
1075,1074,1135,1136,
1076,1075,1136,1137,
1077,1076,1137,1138,
1078,1077,1138,1139,
1079,1078,1139,1140,
1080,1079,1140,1141,
1081,1080,1141,1142,
1082,1081,1142,1143,
1083,1082,1143,1144,
1084,1083,1144,1145,
1085,1084,1145,1146,
1086,1085,1146,1147,
1087,1086,1147,1148,
1088,1087,1148,1149,
1089,1088,1149,1150,
1090,1089,1150,1151,
1091,1090,1151,1152,
1092,1091,1152,1153,
1093,1092,1153,1154,
1094,1093,1154,1155,
1095,1094,1155,1156,
1096,1095,1156,1157,
1097,1096,1157,1158,
1098,1097,1158,1159,
1100,1099,1160,1161,
1101,1100,1161,1162,
1102,1101,1162,1163,
1103,1102,1163,1164,
1104,1103,1164,1165,
1105,1104,1165,1166,
1106,1105,1166,1167,
1107,1106,1167,1168,
1108,1107,1168,1169,
1109,1108,1169,1170,
1110,1109,1170,1171,
1111,1110,1171,1172,
1112,1111,1172,1173,
1113,1112,1173,1174,
1114,1113,1174,1175,
1115,1114,1175,1176,
1116,1115,1176,1177,
1117,1116,1177,1178,
1118,1117,1178,1179,
1119,1118,1179,1180,
1120,1119,1180,1181,
1121,1120,1181,1182,
1122,1121,1182,1183,
1123,1122,1183,1184,
1124,1123,1184,1185,
1125,1124,1185,1186,
1126,1125,1186,1187,
1127,1126,1187,1188,
1128,1127,1188,1189,
1129,1128,1189,1190,
1130,1129,1190,1191,
1131,1130,1191,1192,
1132,1131,1192,1193,
1133,1132,1193,1194,
1134,1133,1194,1195,
1135,1134,1195,1196,
1136,1135,1196,1197,
1137,1136,1197,1198,
1138,1137,1198,1199,
1139,1138,1199,1200,
1140,1139,1200,1201,
1141,1140,1201,1202,
1142,1141,1202,1203,
1143,1142,1203,1204,
1144,1143,1204,1205,
1145,1144,1205,1206,
1146,1145,1206,1207,
1147,1146,1207,1208,
1148,1147,1208,1209,
1149,1148,1209,1210,
1150,1149,1210,1211,
1151,1150,1211,1212,
1152,1151,1212,1213,
1153,1152,1213,1214,
1154,1153,1214,1215,
1155,1154,1215,1216,
1156,1155,1216,1217,
1157,1156,1217,1218,
1158,1157,1218,1219,
1159,1158,1219,1220,
1161,1160,1221,1222,
1162,1161,1222,1223,
1163,1162,1223,1224,
1164,1163,1224,1225,
1165,1164,1225,1226,
1166,1165,1226,1227,
1167,1166,1227,1228,
1168,1167,1228,1229,
1169,1168,1229,1230,
1170,1169,1230,1231,
1171,1170,1231,1232,
1172,1171,1232,1233,
1173,1172,1233,1234,
1174,1173,1234,1235,
1175,1174,1235,1236,
1176,1175,1236,1237,
1177,1176,1237,1238,
1178,1177,1238,1239,
1179,1178,1239,1240,
1180,1179,1240,1241,
1181,1180,1241,1242,
1182,1181,1242,1243,
1183,1182,1243,1244,
1184,1183,1244,1245,
1185,1184,1245,1246,
1186,1185,1246,1247,
1187,1186,1247,1248,
1188,1187,1248,1249,
1189,1188,1249,1250,
1190,1189,1250,1251,
1191,1190,1251,1252,
1192,1191,1252,1253,
1193,1192,1253,1254,
1194,1193,1254,1255,
1195,1194,1255,1256,
1196,1195,1256,1257,
1197,1196,1257,1258,
1198,1197,1258,1259,
1199,1198,1259,1260,
1200,1199,1260,1261,
1201,1200,1261,1262,
1202,1201,1262,1263,
1203,1202,1263,1264,
1204,1203,1264,1265,
1205,1204,1265,1266,
1206,1205,1266,1267,
1207,1206,1267,1268,
1208,1207,1268,1269,
1209,1208,1269,1270,
1210,1209,1270,1271,
1211,1210,1271,1272,
1212,1211,1272,1273,
1213,1212,1273,1274,
1214,1213,1274,1275,
1215,1214,1275,1276,
1216,1215,1276,1277,
1217,1216,1277,1278,
1218,1217,1278,1279,
1219,1218,1279,1280,
1220,1219,1280,1281,
1222,1221,1282,1283,
1223,1222,1283,1284,
1224,1223,1284,1285,
1225,1224,1285,1286,
1226,1225,1286,1287,
1227,1226,1287,1288,
1228,1227,1288,1289,
1229,1228,1289,1290,
1230,1229,1290,1291,
1231,1230,1291,1292,
1232,1231,1292,1293,
1233,1232,1293,1294,
1234,1233,1294,1295,
1235,1234,1295,1296,
1236,1235,1296,1297,
1237,1236,1297,1298,
1238,1237,1298,1299,
1239,1238,1299,1300,
1240,1239,1300,1301,
1241,1240,1301,1302,
1242,1241,1302,1303,
1243,1242,1303,1304,
1244,1243,1304,1305,
1245,1244,1305,1306,
1246,1245,1306,1307,
1247,1246,1307,1308,
1248,1247,1308,1309,
1249,1248,1309,1310,
1250,1249,1310,1311,
1251,1250,1311,1312,
1252,1251,1312,1313,
1253,1252,1313,1314,
1254,1253,1314,1315,
1255,1254,1315,1316,
1256,1255,1316,1317,
1257,1256,1317,1318,
1258,1257,1318,1319,
1259,1258,1319,1320,
1260,1259,1320,1321,
1261,1260,1321,1322,
1262,1261,1322,1323,
1263,1262,1323,1324,
1264,1263,1324,1325,
1265,1264,1325,1326,
1266,1265,1326,1327,
1267,1266,1327,1328,
1268,1267,1328,1329,
1269,1268,1329,1330,
1270,1269,1330,1331,
1271,1270,1331,1332,
1272,1271,1332,1333,
1273,1272,1333,1334,
1274,1273,1334,1335,
1275,1274,1335,1336,
1276,1275,1336,1337,
1277,1276,1337,1338,
1278,1277,1338,1339,
1279,1278,1339,1340,
1280,1279,1340,1341,
1281,1280,1341,1342,
1283,1282,1343,1344,
1284,1283,1344,1345,
1285,1284,1345,1346,
1286,1285,1346,1347,
1287,1286,1347,1348,
1288,1287,1348,1349,
1289,1288,1349,1350,
1290,1289,1350,1351,
1291,1290,1351,1352,
1292,1291,1352,1353,
1293,1292,1353,1354,
1294,1293,1354,1355,
1295,1294,1355,1356,
1296,1295,1356,1357,
1297,1296,1357,1358,
1298,1297,1358,1359,
1299,1298,1359,1360,
1300,1299,1360,1361,
1301,1300,1361,1362,
1302,1301,1362,1363,
1303,1302,1363,1364,
1304,1303,1364,1365,
1305,1304,1365,1366,
1306,1305,1366,1367,
1307,1306,1367,1368,
1308,1307,1368,1369,
1309,1308,1369,1370,
1310,1309,1370,1371,
1311,1310,1371,1372,
1312,1311,1372,1373,
1313,1312,1373,1374,
1314,1313,1374,1375,
1315,1314,1375,1376,
1316,1315,1376,1377,
1317,1316,1377,1378,
1318,1317,1378,1379,
1319,1318,1379,1380,
1320,1319,1380,1381,
1321,1320,1381,1382,
1322,1321,1382,1383,
1323,1322,1383,1384,
1324,1323,1384,1385,
1325,1324,1385,1386,
1326,1325,1386,1387,
1327,1326,1387,1388,
1328,1327,1388,1389,
1329,1328,1389,1390,
1330,1329,1390,1391,
1331,1330,1391,1392,
1332,1331,1392,1393,
1333,1332,1393,1394,
1334,1333,1394,1395,
1335,1334,1395,1396,
1336,1335,1396,1397,
1337,1336,1397,1398,
1338,1337,1398,1399,
1339,1338,1399,1400,
1340,1339,1400,1401,
1341,1340,1401,1402,
1342,1341,1402,1403,
1344,1343,1404,1405,
1345,1344,1405,1406,
1346,1345,1406,1407,
1347,1346,1407,1408,
1348,1347,1408,1409,
1349,1348,1409,1410,
1350,1349,1410,1411,
1351,1350,1411,1412,
1352,1351,1412,1413,
1353,1352,1413,1414,
1354,1353,1414,1415,
1355,1354,1415,1416,
1356,1355,1416,1417,
1357,1356,1417,1418,
1358,1357,1418,1419,
1359,1358,1419,1420,
1360,1359,1420,1421,
1361,1360,1421,1422,
1362,1361,1422,1423,
1363,1362,1423,1424,
1364,1363,1424,1425,
1365,1364,1425,1426,
1366,1365,1426,1427,
1367,1366,1427,1428,
1368,1367,1428,1429,
1369,1368,1429,1430,
1370,1369,1430,1431,
1371,1370,1431,1432,
1372,1371,1432,1433,
1373,1372,1433,1434,
1374,1373,1434,1435,
1375,1374,1435,1436,
1376,1375,1436,1437,
1377,1376,1437,1438,
1378,1377,1438,1439,
1379,1378,1439,1440,
1380,1379,1440,1441,
1381,1380,1441,1442,
1382,1381,1442,1443,
1383,1382,1443,1444,
1384,1383,1444,1445,
1385,1384,1445,1446,
1386,1385,1446,1447,
1387,1386,1447,1448,
1388,1387,1448,1449,
1389,1388,1449,1450,
1390,1389,1450,1451,
1391,1390,1451,1452,
1392,1391,1452,1453,
1393,1392,1453,1454,
1394,1393,1454,1455,
1395,1394,1455,1456,
1396,1395,1456,1457,
1397,1396,1457,1458,
1398,1397,1458,1459,
1399,1398,1459,1460,
1400,1399,1460,1461,
1401,1400,1461,1462,
1402,1401,1462,1463,
1403,1402,1463,1464,
1405,1404,1465,1466,
1406,1405,1466,1467,
1407,1406,1467,1468,
1408,1407,1468,1469,
1409,1408,1469,1470,
1410,1409,1470,1471,
1411,1410,1471,1472,
1412,1411,1472,1473,
1413,1412,1473,1474,
1414,1413,1474,1475,
1415,1414,1475,1476,
1416,1415,1476,1477,
1417,1416,1477,1478,
1418,1417,1478,1479,
1419,1418,1479,1480,
1420,1419,1480,1481,
1421,1420,1481,1482,
1422,1421,1482,1483,
1423,1422,1483,1484,
1424,1423,1484,1485,
1425,1424,1485,1486,
1426,1425,1486,1487,
1427,1426,1487,1488,
1428,1427,1488,1489,
1429,1428,1489,1490,
1430,1429,1490,1491,
1431,1430,1491,1492,
1432,1431,1492,1493,
1433,1432,1493,1494,
1434,1433,1494,1495,
1435,1434,1495,1496,
1436,1435,1496,1497,
1437,1436,1497,1498,
1438,1437,1498,1499,
1439,1438,1499,1500,
1440,1439,1500,1501,
1441,1440,1501,1502,
1442,1441,1502,1503,
1443,1442,1503,1504,
1444,1443,1504,1505,
1445,1444,1505,1506,
1446,1445,1506,1507,
1447,1446,1507,1508,
1448,1447,1508,1509,
1449,1448,1509,1510,
1450,1449,1510,1511,
1451,1450,1511,1512,
1452,1451,1512,1513,
1453,1452,1513,1514,
1454,1453,1514,1515,
1455,1454,1515,1516,
1456,1455,1516,1517,
1457,1456,1517,1518,
1458,1457,1518,1519,
1459,1458,1519,1520,
1460,1459,1520,1521,
1461,1460,1521,1522,
1462,1461,1522,1523,
1463,1462,1523,1524,
1464,1463,1524,1525,
1466,1465,1526,1527,
1467,1466,1527,1528,
1468,1467,1528,1529,
1469,1468,1529,1530,
1470,1469,1530,1531,
1471,1470,1531,1532,
1472,1471,1532,1533,
1473,1472,1533,1534,
1474,1473,1534,1535,
1475,1474,1535,1536,
1476,1475,1536,1537,
1477,1476,1537,1538,
1478,1477,1538,1539,
1479,1478,1539,1540,
1480,1479,1540,1541,
1481,1480,1541,1542,
1482,1481,1542,1543,
1483,1482,1543,1544,
1484,1483,1544,1545,
1485,1484,1545,1546,
1486,1485,1546,1547,
1487,1486,1547,1548,
1488,1487,1548,1549,
1489,1488,1549,1550,
1490,1489,1550,1551,
1491,1490,1551,1552,
1492,1491,1552,1553,
1493,1492,1553,1554,
1494,1493,1554,1555,
1495,1494,1555,1556,
1496,1495,1556,1557,
1497,1496,1557,1558,
1498,1497,1558,1559,
1499,1498,1559,1560,
1500,1499,1560,1561,
1501,1500,1561,1562,
1502,1501,1562,1563,
1503,1502,1563,1564,
1504,1503,1564,1565,
1505,1504,1565,1566,
1506,1505,1566,1567,
1507,1506,1567,1568,
1508,1507,1568,1569,
1509,1508,1569,1570,
1510,1509,1570,1571,
1511,1510,1571,1572,
1512,1511,1572,1573,
1513,1512,1573,1574,
1514,1513,1574,1575,
1515,1514,1575,1576,
1516,1515,1576,1577,
1517,1516,1577,1578,
1518,1517,1578,1579,
1519,1518,1579,1580,
1520,1519,1580,1581,
1521,1520,1581,1582,
1522,1521,1582,1583,
1523,1522,1583,1584,
1524,1523,1584,1585,
1525,1524,1585,1586,
1527,1526,1587,1588,
1528,1527,1588,1589,
1529,1528,1589,1590,
1530,1529,1590,1591,
1531,1530,1591,1592,
1532,1531,1592,1593,
1533,1532,1593,1594,
1534,1533,1594,1595,
1535,1534,1595,1596,
1536,1535,1596,1597,
1537,1536,1597,1598,
1538,1537,1598,1599,
1539,1538,1599,1600,
1540,1539,1600,1601,
1541,1540,1601,1602,
1542,1541,1602,1603,
1543,1542,1603,1604,
1544,1543,1604,1605,
1545,1544,1605,1606,
1546,1545,1606,1607,
1547,1546,1607,1608,
1548,1547,1608,1609,
1549,1548,1609,1610,
1550,1549,1610,1611,
1551,1550,1611,1612,
1552,1551,1612,1613,
1553,1552,1613,1614,
1554,1553,1614,1615,
1555,1554,1615,1616,
1556,1555,1616,1617,
1557,1556,1617,1618,
1558,1557,1618,1619,
1559,1558,1619,1620,
1560,1559,1620,1621,
1561,1560,1621,1622,
1562,1561,1622,1623,
1563,1562,1623,1624,
1564,1563,1624,1625,
1565,1564,1625,1626,
1566,1565,1626,1627,
1567,1566,1627,1628,
1568,1567,1628,1629,
1569,1568,1629,1630,
1570,1569,1630,1631,
1571,1570,1631,1632,
1572,1571,1632,1633,
1573,1572,1633,1634,
1574,1573,1634,1635,
1575,1574,1635,1636,
1576,1575,1636,1637,
1577,1576,1637,1638,
1578,1577,1638,1639,
1579,1578,1639,1640,
1580,1579,1640,1641,
1581,1580,1641,1642,
1582,1581,1642,1643,
1583,1582,1643,1644,
1584,1583,1644,1645,
1585,1584,1645,1646,
1586,1585,1646,1647,
1588,1587,1648,1649,
1589,1588,1649,1650,
1590,1589,1650,1651,
1591,1590,1651,1652,
1592,1591,1652,1653,
1593,1592,1653,1654,
1594,1593,1654,1655,
1595,1594,1655,1656,
1596,1595,1656,1657,
1597,1596,1657,1658,
1598,1597,1658,1659,
1599,1598,1659,1660,
1600,1599,1660,1661,
1601,1600,1661,1662,
1602,1601,1662,1663,
1603,1602,1663,1664,
1604,1603,1664,1665,
1605,1604,1665,1666,
1606,1605,1666,1667,
1607,1606,1667,1668,
1608,1607,1668,1669,
1609,1608,1669,1670,
1610,1609,1670,1671,
1611,1610,1671,1672,
1612,1611,1672,1673,
1613,1612,1673,1674,
1614,1613,1674,1675,
1615,1614,1675,1676,
1616,1615,1676,1677,
1617,1616,1677,1678,
1618,1617,1678,1679,
1619,1618,1679,1680,
1620,1619,1680,1681,
1621,1620,1681,1682,
1622,1621,1682,1683,
1623,1622,1683,1684,
1624,1623,1684,1685,
1625,1624,1685,1686,
1626,1625,1686,1687,
1627,1626,1687,1688,
1628,1627,1688,1689,
1629,1628,1689,1690,
1630,1629,1690,1691,
1631,1630,1691,1692,
1632,1631,1692,1693,
1633,1632,1693,1694,
1634,1633,1694,1695,
1635,1634,1695,1696,
1636,1635,1696,1697,
1637,1636,1697,1698,
1638,1637,1698,1699,
1639,1638,1699,1700,
1640,1639,1700,1701,
1641,1640,1701,1702,
1642,1641,1702,1703,
1643,1642,1703,1704,
1644,1643,1704,1705,
1645,1644,1705,1706,
1646,1645,1706,1707,
1647,1646,1707,1708,
1649,1648,1709,1710,
1650,1649,1710,1711,
1651,1650,1711,1712,
1652,1651,1712,1713,
1653,1652,1713,1714,
1654,1653,1714,1715,
1655,1654,1715,1716,
1656,1655,1716,1717,
1657,1656,1717,1718,
1658,1657,1718,1719,
1659,1658,1719,1720,
1660,1659,1720,1721,
1661,1660,1721,1722,
1662,1661,1722,1723,
1663,1662,1723,1724,
1664,1663,1724,1725,
1665,1664,1725,1726,
1666,1665,1726,1727,
1667,1666,1727,1728,
1668,1667,1728,1729,
1669,1668,1729,1730,
1670,1669,1730,1731,
1671,1670,1731,1732,
1672,1671,1732,1733,
1673,1672,1733,1734,
1674,1673,1734,1735,
1675,1674,1735,1736,
1676,1675,1736,1737,
1677,1676,1737,1738,
1678,1677,1738,1739,
1679,1678,1739,1740,
1680,1679,1740,1741,
1681,1680,1741,1742,
1682,1681,1742,1743,
1683,1682,1743,1744,
1684,1683,1744,1745,
1685,1684,1745,1746,
1686,1685,1746,1747,
1687,1686,1747,1748,
1688,1687,1748,1749,
1689,1688,1749,1750,
1690,1689,1750,1751,
1691,1690,1751,1752,
1692,1691,1752,1753,
1693,1692,1753,1754,
1694,1693,1754,1755,
1695,1694,1755,1756,
1696,1695,1756,1757,
1697,1696,1757,1758,
1698,1697,1758,1759,
1699,1698,1759,1760,
1700,1699,1760,1761,
1701,1700,1761,1762,
1702,1701,1762,1763,
1703,1702,1763,1764,
1704,1703,1764,1765,
1705,1704,1765,1766,
1706,1705,1766,1767,
1707,1706,1767,1768,
1708,1707,1768,1769,
1710,1709,1770,1770,
1711,1710,1770,1770,
1712,1711,1770,1770,
1713,1712,1770,1770,
1714,1713,1770,1770,
1715,1714,1770,1770,
1716,1715,1770,1770,
1717,1716,1770,1770,
1718,1717,1770,1770,
1719,1718,1770,1770,
1720,1719,1770,1770,
1721,1720,1770,1770,
1722,1721,1770,1770,
1723,1722,1770,1770,
1724,1723,1770,1770,
1725,1724,1770,1770,
1726,1725,1770,1770,
1727,1726,1770,1770,
1728,1727,1770,1770,
1729,1728,1770,1770,
1730,1729,1770,1770,
1731,1730,1770,1770,
1732,1731,1770,1770,
1733,1732,1770,1770,
1734,1733,1770,1770,
1735,1734,1770,1770,
1736,1735,1770,1770,
1737,1736,1770,1770,
1738,1737,1770,1770,
1739,1738,1770,1770,
1740,1739,1770,1770,
1741,1740,1770,1770,
1742,1741,1770,1770,
1743,1742,1770,1770,
1744,1743,1770,1770,
1745,1744,1770,1770,
1746,1745,1770,1770,
1747,1746,1770,1770,
1748,1747,1770,1770,
1749,1748,1770,1770,
1750,1749,1770,1770,
1751,1750,1770,1770,
1752,1751,1770,1770,
1753,1752,1770,1770,
1754,1753,1770,1770,
1755,1754,1770,1770,
1756,1755,1770,1770,
1757,1756,1770,1770,
1758,1757,1770,1770,
1759,1758,1770,1770,
1760,1759,1770,1770,
1761,1760,1770,1770,
1762,1761,1770,1770,
1763,1762,1770,1770,
1764,1763,1770,1770,
1765,1764,1770,1770,
1766,1765,1770,1770,
1767,1766,1770,1770,
1768,1767,1770,1770,
1769,1768,1770,1770,
0,1,62,123,184,245,306,367,428,489,550,611,672,733,794,855,916,977,1038,1099,1160,1221,1282,1343,1404,1465,1526,1587,1648,1709,1770,1769,1708,1647,1586,1525,1464,1403,1342,1281,1220,1159,1098,1037,976,915,854,793,732,671,610,549,488,427,366,305,244,183,122,61,
